date,temperature,temp_max,temp_min,precip,wind_speed,wind_dir,humidity,pressure
2017-02-17,1.7729163,6.55,-1.35,2.4999998,24.29133,257.99878,86.19416,1023.2917
2017-02-18,2.0895832,4.3,1.05,3.8,16.343367,266.68015,93.035675,1024.0292
2017-02-19,3.1000001,6.15,0.45,0.3,17.555305,242.82332,82.1078,1024.5459
2017-02-20,3.2354167,7.9,-0.9,0.0,28.963785,243.80974,75.787224,1018.45
2017-02-21,6.260416,9.0,3.9,6.5999994,31.845247,259.04492,84.00637,1007.7292
2017-02-22,6.4666667,9.9,2.75,2.6000004,37.798286,246.65726,80.61061,1007.23334
2017-02-23,8.335417,13.45,5.15,7.0999994,36.367126,250.53227,78.83378,1001.1209
2017-02-24,7.477083,13.0,-1.0,0.1,49.708687,259.73026,53.132,1000.53754
2017-02-25,0.35625005,4.15,-2.4,0.4,29.655787,265.36734,70.89597,1020.3414
2017-02-26,4.4541674,8.5,-1.2,0.3,22.59699,242.20332,48.619175,1017.3416
2017-02-27,6.602083,14.7,-0.25,0.0,12.43434,205.59494,57.616592,1012.7334
2017-02-28,7.8583336,12.9,2.45,0.1,27.217524,193.21498,69.059784,1001.60834
2017-03-01,6.5979176,8.5,3.35,2.3,25.212852,249.83679,69.40373,1003.0418
2017-03-02,6.6458325,12.2,2.55,0.2,35.52162,240.1443,60.167572,1008.2959
2017-03-03,5.6770835,10.5,2.4,0.0,29.17777,253.90514,57.755566,1016.40424
2017-03-04,8.412499,15.9,1.65,0.0,20.037485,166.11627,56.991848,1006.8625
2017-03-05,11.577084,15.65,6.05,1.8,30.018473,229.42162,58.802677,1004.1792
2017-03-06,6.6875005,10.05,3.8,9.700001,19.652176,249.20581,81.82816,1002.7957
2017-03-07,4.797917,9.6,0.9,0.4,14.417988,245.0372,79.48707,1008.51666
2017-03-08,4.0833335,6.8,1.25,0.0,13.479583,31.138905,78.602394,1023.2625
2017-03-09,2.8999999,6.4,-1.95,2.0,19.201874,248.85645,87.13745,1018.1584
2017-03-10,3.7562497,8.1,-0.4,0.1,16.923828,45.503418,82.1843,1017.14166
2017-03-11,3.9916668,7.2,1.25,0.0,15.496736,332.59558,74.23127,1023.0874
2017-03-12,3.0166664,7.1,-0.35,0.4,18.947083,50.452095,74.58744,1021.62494
2017-03-13,3.0999997,6.55,-1.1,0.0,7.42159,41.98713,79.16842,1025.3375
2017-03-14,3.8833332,7.9,-0.4,0.4,11.165805,269.5984,76.97213,1028.3083
2017-03-15,5.4812493,10.95,-0.25,0.6,27.117346,270.65103,70.34136,1025.5791
2017-03-16,4.44375,9.05,0.7,0.0,27.155552,282.81818,70.27975,1022.80835
2017-03-17,6.0562496,14.1,-1.85,0.7,21.42227,237.15591,68.70629,1014.61255
2017-03-18,5.4541664,7.85,2.55,9.599999,36.40275,258.51105,83.75055,1003.3667
2017-03-19,4.4395833,7.35,1.45,0.5,34.04808,280.55176,59.823696,1007.3208
2017-03-20,8.397917,12.55,2.9,6.0999994,26.649727,261.28375,83.34501,1007.87506
2017-03-21,10.089583,15.05,6.15,0.0,24.933735,253.65756,73.53867,1009.70844
2017-03-22,6.589583,8.9,5.2,19.8,21.175837,38.973526,92.32938,1015.64996
2017-03-23,6.652083,10.65,4.0,0.8,21.96,77.65431,85.42739,1019.32074
2017-03-24,6.6687493,8.2,3.2,0.0,16.279802,310.8043,84.742195,1025.8958
2017-03-25,5.8250003,11.25,0.35,0.0,23.83896,274.89346,65.93786,1026.0208
2017-03-26,3.16875,6.3,-0.85,0.0,19.0392,357.94824,71.235146,1024.7626
2017-03-27,5.831249,13.55,-1.1,0.0,19.852295,260.80936,68.02819,1026.0292
2017-03-28,9.84375,17.35,3.95,0.0,19.469976,260.62015,61.80769,1021.94574
2017-03-29,11.670834,18.45,6.4,0.8,25.071096,271.71295,63.78966,1020.41235
2017-03-30,9.902083,13.1,6.35,0.1,18.0036,280.1754,76.8035,1025.9042
2017-03-31,11.64375,18.75,4.85,0.0,15.986595,233.30672,70.9278,1023.3
2017-04-01,13.14375,21.1,5.5,0.0,13.684735,180.5894,58.674225,1016.60004
2017-04-02,14.925,23.05,7.25,0.0,17.414474,222.2993,56.473957,1015.9334
2017-04-03,11.895833,17.05,6.6,0.5,18.25026,28.32925,74.41209,1021.9626
2017-04-04,12.5125,18.9,7.5,1.4000001,23.762726,80.13694,77.65431,1020.97095
2017-04-05,11.756251,17.05,6.45,5.0,18.723461,309.16815,79.19468,1016.7625
2017-04-06,6.835417,9.6,3.45,7.0999994,27.776047,299.86865,77.00499,1014.6375
2017-04-07,5.0416665,6.9,3.1,4.9,20.545246,275.89685,86.440926,1015.62085
2017-04-08,8.899999,12.7,5.9,2.0000002,19.694992,316.7942,80.43055,1019.8833
2017-04-09,9.289583,13.95,3.95,0.0,12.7279215,265.09726,76.21405,1026.1124
2017-04-10,12.210418,19.3,3.85,0.0,18.278645,236.33557,66.70196,1018.81244
2017-04-11,8.739583,11.25,5.9,3.1999996,28.820242,285.15506,66.72307,1018.02905
2017-04-12,8.481251,11.5,3.9,0.0,28.817993,249.87375,64.40783,1016.9751
2017-04-13,9.354167,11.25,5.9,4.4,26.208395,271.21262,70.18307,1008.64996
2017-04-14,7.7395835,11.35,4.35,1.2000002,29.301876,272.3819,66.88726,1013.2751
2017-04-15,8.912499,14.1,2.15,0.0,25.60053,254.08902,65.23339,1012.49585
2017-04-16,6.9187493,10.05,3.45,5.6,31.085323,282.00845,71.748634,1012.6707
2017-04-17,5.3625007,9.2,1.55,4.700001,13.004922,129.40839,81.298546,1015.15405
2017-04-18,2.7395833,4.15,1.3,11.4000025,15.815435,26.316244,88.02923,1013.95
2017-04-19,2.4416666,4.9,1.05,10.300001,37.14286,42.81421,80.44639,1020.6208
2017-04-20,2.7937498,5.65,1.15,1.5000001,26.474075,25.971033,56.860336,1028.1041
2017-04-21,4.3250003,9.4,-2.7,0.0,24.490587,270.5364,62.043182,1025.8834
2017-04-22,7.3770833,10.2,3.75,2.3999996,26.552288,266.78455,64.80993,1015.34174
2017-04-23,4.78125,8.5,1.6,3.3,22.930048,274.61984,74.39388,1016.5874
2017-04-24,5.825001,10.25,1.7,1.2,22.101183,262.5687,68.57668,1018.51666
2017-04-25,11.708333,18.65,5.55,4.1,28.802248,229.23454,65.275795,1008.4082
2017-04-26,6.74375,8.75,5.0,4.1,17.786331,44.232075,90.41535,1010.15424
2017-04-27,4.4770837,5.1,3.95,17.2,14.336861,38.632824,95.9421,1013.78326
2017-04-28,5.714584,8.95,4.5,19.2,18.720001,17.981516,95.93,1009.3459
2017-04-29,6.9895825,11.25,2.9,2.1000001,21.2522,268.69476,75.80029,1015.6418
2017-04-30,7.272917,12.3,1.75,0.1,14.039999,84.58458,72.63224,1020.68335
2017-05-01,8.835417,15.1,3.25,0.0,27.219902,86.18601,75.67879,1018.40826
2017-05-02,11.0125,16.85,6.85,5.0,21.349546,71.93782,83.22785,1017.8833
2017-05-03,11.675,14.6,8.6,8.1,18.899143,63.70619,88.714424,1020.0625
2017-05-04,12.650001,15.75,9.0,2.0000002,14.77755,13.378569,88.872925,1015.30835
2017-05-05,12.610416,18.45,7.85,1.2,18.692286,68.33952,87.86967,1016.4834
2017-05-06,14.154167,17.5,10.95,0.3,15.629971,263.62643,83.34988,1013.0793
2017-05-07,12.9375,16.95,9.9,3.4999995,19.201874,290.0788,81.02121,1008.3667
2017-05-08,10.139583,13.45,7.95,1.9000002,22.932877,294.80646,76.902985,1009.50836
2017-05-09,5.495834,8.15,2.8,1.4000001,17.58481,335.97827,65.96392,1015.1165
2017-05-10,5.6458335,10.25,-0.15,0.3,16.75064,249.53764,66.72538,1013.7082
2017-05-11,11.658334,18.55,4.4,0.1,12.605142,240.48862,63.91026,1008.0459
2017-05-12,13.216666,18.55,7.45,8.599999,15.84409,85.28287,82.351845,1005.65424
2017-05-13,12.639584,14.75,10.4,6.2,15.542662,63.57077,92.35859,1010.70844
2017-05-14,14.425002,19.5,10.2,0.0,12.864649,84.82903,75.36826,1020.17487
2017-05-15,14.547917,20.95,8.95,2.0,16.78156,250.6021,72.47683,1025.2333
2017-05-16,13.847916,18.25,9.95,6.7,16.42247,275.40903,86.85876,1028.4
2017-05-17,15.393749,20.1,10.1,0.0,13.202726,87.62648,71.36503,1026.3541
2017-05-18,16.333334,22.85,9.7,0.0,15.893093,81.18719,69.684494,1019.11646
2017-05-19,18.089584,24.85,10.6,0.0,17.727943,75.24892,75.38564,1013.81256
2017-05-20,17.089582,22.1,13.65,4.7,18.998316,276.47147,79.980736,1013.91254
2017-05-21,14.908333,18.35,12.5,2.9999993,20.12461,291.3136,81.400314,1019.9041
2017-05-22,16.03125,20.5,11.05,0.3,11.113451,340.0654,74.793076,1019.55835
2017-05-23,17.191668,22.0,13.05,3.6,9.686609,266.7079,78.855606,1016.08746
2017-05-24,13.689582,15.75,11.1,5.899999,28.66694,278.98132,81.62009,1014.86255
2017-05-25,12.950001,16.9,10.65,4.1,17.727943,308.51187,80.542,1017.52924
2017-05-26,14.2625,18.75,9.85,3.6999998,17.654688,276.3123,76.96871,1018.79175
2017-05-27,14.804168,19.1,10.55,0.2,13.324863,48.595104,76.5901,1022.30005
2017-05-28,16.391665,23.0,8.15,0.0,9.793058,114.91178,71.012054,1023.45435
2017-05-29,19.479168,25.35,12.85,0.0,20.545246,247.7538,64.537796,1016.47925
2017-05-30,21.477083,26.65,15.5,0.0,16.65754,257.3705,69.38751,1012.8125
2017-05-31,19.185417,22.55,15.45,0.8,26.400545,272.25104,78.94651,1015.62933
2017-06-01,16.30625,20.25,12.15,0.0,22.61419,270.507,64.79199,1018.86664
2017-06-02,15.979165,21.85,9.45,0.0,15.876775,267.3113,64.5176,1018.2002
2017-06-03,17.40833,23.0,11.05,0.0,12.245294,81.100235,66.02945,1016.57074
2017-06-04,19.545834,26.85,11.6,1.0,24.187069,229.50098,71.16218,1010.7083
2017-06-05,17.254166,20.65,14.15,0.3,19.110542,267.13766,74.38466,1015.49585
2017-06-06,20.300001,26.1,14.1,0.0,16.179987,124.257065,70.80899,1008.85004
2017-06-07,17.414583,21.25,14.5,0.3,33.908863,261.16736,62.808987,1013.3542
2017-06-08,15.677086,20.1,10.45,0.1,14.205182,276.12204,64.23908,1020.2083
2017-06-09,17.452084,23.35,9.75,0.0,17.643673,108.71186,62.30374,1018.2417
2017-06-10,16.34167,21.6,12.35,5.9,22.782625,273.3177,76.98214,1017.44165
2017-06-11,16.835415,21.3,12.1,0.0,12.9249525,253.12244,73.283104,1020.6292
2017-06-12,19.187498,25.9,11.75,2.6000001,27.181787,248.13399,70.81935,1012.64166
2017-06-13,17.031248,19.6,14.25,0.1,27.66384,281.292,64.549355,1014.05817
2017-06-14,15.668752,18.0,12.95,0.5,23.584808,281.7529,65.09293,1016.65424
2017-06-15,15.974998,21.3,10.25,0.0,10.799999,239.6908,70.54022,1018.54156
2017-06-16,16.756248,22.2,12.1,6.8999996,25.264202,247.07677,79.32381,1012.9917
2017-06-17,13.5625,16.55,12.3,10.099999,25.959969,293.23856,82.90568,1016.1501
2017-06-18,17.135416,21.45,13.25,0.4,16.58346,318.78622,75.53971,1021.1792
2017-06-19,19.191668,24.4,13.25,0.1,14.764389,258.6277,76.21346,1021.94586
2017-06-20,22.160418,28.55,14.6,0.0,18.782204,258.1638,69.490654,1015.72906
2017-06-21,20.081247,24.0,15.3,0.0,17.727943,294.40024,61.479755,1015.07495
2017-06-22,19.602083,26.05,12.6,0.0,18.584509,252.28683,67.53745,1014.2458
2017-06-23,20.154167,22.75,17.2,11.6,31.89608,276.0843,71.289116,1009.54175
2017-06-24,20.795835,25.35,15.7,0.0,23.110207,259.86874,69.3097,1013.3125
2017-06-25,21.76042,27.45,15.25,0.1,23.469128,260.69138,63.39121,1011.25415
2017-06-26,20.929169,24.55,17.75,2.0,21.188072,271.5443,69.574524,1011.3
2017-06-27,21.804167,26.65,17.5,0.0,15.517629,91.272995,73.1235,1011.6626
2017-06-28,24.945837,31.35,18.05,0.5,15.226764,161.90326,59.07277,1003.88745
2017-06-29,23.739586,28.0,19.5,0.5,30.599998,196.73969,57.37087,997.7791
2017-06-30,20.885416,24.55,17.1,0.0,32.90014,242.41513,54.14644,1004.44586
2017-07-01,19.358335,23.15,16.15,1.3000001,25.942488,243.32387,60.812794,1007.77094
2017-07-02,17.425001,19.1,16.1,1.5000001,28.883131,261.52298,68.73264,1011.7417
2017-07-03,16.941666,20.55,13.6,1.5000001,23.199759,295.54144,64.31668,1018.0583
2017-07-04,17.127085,22.1,10.45,0.8,25.620771,260.20245,60.945812,1018.4875
2017-07-05,18.410416,23.95,12.9,0.5,19.416653,277.33423,67.7199,1018.4543
2017-07-06,17.556253,22.05,14.35,1.3000001,14.20062,335.34183,69.04989,1019.78326
2017-07-07,18.224998,22.2,10.55,3.6,11.726277,223.29019,73.091286,1016.95416
2017-07-08,19.843754,25.35,16.2,8.9,22.206486,269.44257,81.433495,1013.325
2017-07-09,20.447916,25.45,15.1,0.0,12.324414,259.89893,72.11161,1015.3167
2017-07-10,22.556246,27.95,16.35,6.4,18.228943,166.19719,71.62161,1011.5168
2017-07-11,20.612497,23.05,17.5,11.0,25.210283,264.82434,82.44042,1010.34174
2017-07-12,20.810417,25.75,16.5,2.0,14.04,262.16364,71.30014,1011.5708
2017-07-13,16.297916,19.15,13.7,2.5999997,35.97299,274.72467,71.461914,1013.4416
2017-07-14,16.093752,20.25,12.2,0.90000004,13.044722,265.3032,65.94965,1016.86255
2017-07-15,14.879166,18.75,11.35,5.2,13.32,326.91766,82.56344,1016.375
2017-07-16,16.408335,21.35,11.0,0.0,12.641076,267.64673,70.524635,1021.86237
2017-07-17,17.983335,23.5,11.7,0.0,19.803272,255.60237,69.04824,1020.8166
2017-07-18,19.85625,25.15,13.8,0.1,8.049845,261.71777,74.11802,1020.8208
2017-07-19,21.356253,27.1,15.35,1.6,14.773164,121.91853,71.22865,1016.72504
2017-07-20,24.33333,29.95,18.0,0.6,10.239453,215.51952,60.346043,1011.1541
2017-07-21,20.420832,24.45,16.9,14.600001,16.595179,270.07922,84.99162,1013.05835
2017-07-22,21.520834,27.25,15.2,0.0,12.43434,134.23618,74.499344,1015.1126
2017-07-23,21.408333,26.15,17.5,6.6,18.057508,250.1914,81.05256,1013.87085
2017-07-24,21.293749,26.0,15.45,0.3,19.770523,107.7398,72.33665,1009.12085
2017-07-25,17.5375,20.5,16.45,2.1,22.42427,256.10605,80.64681,1001.571
2017-07-26,17.395834,20.75,13.4,0.0,24.95452,246.48738,64.8381,1003.125
2017-07-27,17.422918,21.5,12.5,0.5,20.172853,253.59727,73.28433,1006.7917
2017-07-28,18.027084,21.35,15.25,4.6,16.746773,258.42282,80.39903,1010.84155
2017-07-29,19.031252,22.95,14.75,0.0,17.64,260.0948,70.065025,1016.64166
2017-07-30,22.712496,30.35,13.85,0.0,9.659814,218.23813,64.91867,1015.56665
2017-07-31,25.31042,30.05,21.15,1.2,14.039999,223.65135,62.9755,1016.425
2017-08-01,26.893751,33.65,18.7,0.0,16.167967,174.63986,59.718216,1018.5791
2017-08-02,25.81875,30.6,21.2,2.8,18.671474,245.09525,66.234245,1017.3084
2017-08-03,25.295832,31.6,18.1,0.0,16.299694,237.40169,68.77671,1015.41254
2017-08-04,24.393751,27.7,20.35,0.4,17.057314,261.8836,73.2048,1012.85004
2017-08-05,23.872917,28.65,20.15,0.1,11.183201,265.0015,70.42754,1014.0125
2017-08-06,20.479166,23.55,18.0,9.1,19.211996,263.682,79.76954,1017.6584
2017-08-07,17.270834,20.0,13.9,4.6000004,14.77755,80.80251,74.90826,1022.4292
2017-08-08,17.491667,23.5,11.8,0.0,24.216522,95.44508,75.376366,1019.7417
2017-08-09,22.9,30.15,14.7,0.0,11.503113,84.51314,69.84086,1016.85846
2017-08-10,25.452082,33.45,19.45,0.4,25.562534,106.6432,72.63532,1015.4875
2017-08-11,25.854164,33.1,19.35,0.0,22.565422,122.18509,66.9492,1012.62067
2017-08-12,18.564585,21.55,17.65,13.8,18.448023,278.28436,86.43155,1013.6626
2017-08-13,16.566668,20.0,13.65,2.8999999,11.113451,265.30722,77.34576,1018.36255
2017-08-14,17.895834,22.4,13.8,0.0,13.049689,30.120277,74.81514,1022.74164
2017-08-15,19.216665,25.35,13.3,0.0,16.09969,93.17977,62.510906,1022.75
2017-08-16,21.189583,28.55,13.15,0.0,11.043261,183.87846,63.504475,1019.5
2017-08-17,21.15417,26.1,16.9,0.3,8.534353,350.7274,76.96042,1020.0417
2017-08-18,23.235418,29.9,16.2,0.0,10.08,186.58185,66.50657,1017.0581
2017-08-19,21.387499,26.0,17.55,24.7,25.420181,249.34425,71.36597,1015.86255
2017-08-20,15.781249,17.35,13.35,41.7,17.49615,341.23184,91.98712,1019.05414
2017-08-21,15.027083,18.65,11.0,0.8000001,16.595179,269.9286,77.02764,1020.2834
2017-08-22,14.783334,18.05,11.75,0.8,22.19773,269.43018,73.75468,1019.04175
2017-08-23,14.202083,18.15,11.05,1.7000002,19.443333,268.17142,73.70788,1018.16235
2017-08-24,16.610418,22.1,10.4,0.0,18.129137,250.8241,64.68055,1017.70844
2017-08-25,19.764585,25.4,14.3,0.5,14.440443,256.38843,69.69337,1018.3625
2017-08-26,19.929167,25.15,15.95,6.3,9.255571,100.48235,84.917305,1017.9416
2017-08-27,21.604166,27.2,16.8,4.2999997,21.313093,267.55084,74.7157,1014.11255
2017-08-28,17.1,20.0,13.5,0.2,15.192682,292.62717,71.91541,1018.67914
2017-08-29,16.4625,20.55,12.1,0.2,9.726664,100.1357,73.32015,1020.28326
2017-08-30,18.289583,24.8,11.75,0.0,9.114471,138.73769,68.69048,1017.35834
2017-08-31,20.610418,28.15,12.75,0.0,12.904882,154.57317,62.3418,1013.91254
2017-09-01,20.03125,25.0,14.85,2.8,29.495842,253.33212,79.37208,1012.92487
2017-09-02,13.966667,15.0,13.05,2.9,27.682571,281.29645,79.583824,1014.21265
2017-09-03,13.139583,14.75,12.2,15.300001,15.815435,349.13425,84.59805,1011.2417
2017-09-04,13.643749,17.25,11.65,3.6999998,23.313995,278.8016,77.99948,1013.3542
2017-09-05,13.227084,13.9,11.85,11.0,26.208395,260.78113,79.93347,1016.0249
2017-09-06,16.1,19.7,13.25,0.90000004,22.805367,257.35074,80.035614,1012.64996
2017-09-07,15.062501,17.0,12.7,2.0,28.442278,265.41336,69.741295,1011.7876
2017-09-08,15.741668,19.65,11.25,0.0,19.296133,244.2693,60.70329,1013.30005
2017-09-09,17.452082,24.55,11.3,0.0,16.981165,182.23772,67.18125,1006.32495
2017-09-10,19.50625,25.15,13.75,0.0,13.202726,197.47487,70.63303,1005.41254
2017-09-11,19.95,26.2,16.15,0.4,14.77755,251.7071,76.78869,1004.22925
2017-09-12,14.870833,17.85,12.9,15.700001,19.201874,274.79077,89.74653,1006.2917
2017-09-13,15.750001,19.35,12.1,0.5,28.583183,240.16507,65.94631,1010.69586
2017-09-14,20.104164,26.15,12.0,4.6,32.25166,230.58084,59.521637,1005.00433
2017-09-15,13.325,15.95,10.85,1.3000001,31.75355,249.78905,68.771935,1013.5208
2017-09-16,12.756249,15.8,10.8,9.400001,12.10157,79.678505,84.035866,1013.5542
2017-09-17,13.212501,16.05,11.65,34.100002,27.722336,312.36316,92.56457,1010.19574
2017-09-18,12.712499,16.8,8.65,2.9,24.609364,259.3217,76.453064,1014.6042
2017-09-19,10.802083,14.65,6.95,4.7,16.548256,61.173088,87.79786,1015.79584
2017-09-20,11.439586,12.1,11.1,5.1999993,16.862455,5.6404567,92.179405,1014.37506
2017-09-21,10.945831,11.5,10.1,46.300007,25.872454,334.16843,91.15563,1013.97516
2017-09-22,11.064586,11.75,10.3,10.099998,17.654688,285.627,91.80027,1017.97925
2017-09-23,11.4645815,12.95,10.45,22.699999,24.187069,272.27066,94.11765,1017.3293
2017-09-24,13.125,16.3,11.05,6.8,10.44,74.23116,87.57398,1020.22504
2017-09-25,13.720832,17.8,10.4,4.2999997,18.289274,91.31438,85.194405,1022.8542
2017-09-26,13.416668,19.3,8.85,0.0,17.373497,79.47018,84.71077,1026.7958
2017-09-27,13.293751,18.1,9.05,0.0,25.050413,82.11553,75.64297,1028.5167
2017-09-28,11.872916,17.65,7.95,0.0,19.917469,82.26966,73.94773,1030.5416
2017-09-29,10.010417,16.15,4.2,0.0,13.722565,67.17843,82.00057,1028.425
2017-09-30,10.845834,16.55,6.9,0.0,13.896187,70.566605,78.66822,1025.0375
2017-10-01,10.058333,15.75,5.55,0.0,11.720751,81.08843,76.06315,1024.9541
2017-10-02,10.229165,18.25,3.05,0.0,12.287555,199.49593,71.77359,1023.3376
2017-10-03,11.7375,15.3,8.7,13.400001,22.42427,239.23737,81.602,1015.10834
2017-10-04,11.997916,14.8,8.95,0.2,24.36591,255.50133,74.32751,1020.4292
2017-10-05,12.635415,15.55,11.4,2.7,50.8633,252.4104,67.86592,1007.21246
2017-10-06,9.645833,11.45,8.05,5.4000006,45.755417,265.99167,75.309395,1008.4082
2017-10-07,9.222917,12.4,6.95,1.3000001,18.129137,260.917,82.09736,1015.8415
2017-10-08,10.064584,11.95,8.1,3.0,24.149532,248.47183,77.84931,1010.95
2017-10-09,7.852082,10.95,5.6,0.3,27.153164,264.71405,75.43749,1015.4709
2017-10-10,9.0625,10.65,7.0,2.2,20.380579,247.57475,79.62534,1016.18744
2017-10-11,12.677082,15.4,10.15,2.3000002,22.608458,249.2321,81.32851,1018.0293
2017-10-12,14.4958315,19.25,10.6,0.4,28.696312,255.20494,74.507965,1018.1375
2017-10-13,11.722916,13.65,9.4,0.1,32.654995,273.87054,71.063835,1023.0916
2017-10-14,11.9875,16.25,7.8,0.0,24.251284,259.92596,82.23853,1026.5458
2017-10-15,14.712502,19.4,10.9,0.0,22.42427,261.08255,81.45943,1027.3417
2017-10-16,14.474999,21.8,9.1,0.0,16.203999,244.34074,81.87115,1025.8417
2017-10-17,14.46875,21.4,9.2,0.0,10.966713,232.96162,79.44061,1024.3458
2017-10-18,13.329166,20.75,6.65,0.0,10.829959,179.56921,81.71171,1017.6626
2017-10-19,11.995833,17.15,7.05,0.0,11.726277,249.59782,85.73599,1015.9333
2017-10-20,11.589583,16.7,7.45,0.0,11.212135,86.166374,91.559685,1017.72076
2017-10-21,10.799999,13.9,7.8,1.5,18.72,255.16666,91.45941,1016.3958
2017-10-22,9.066667,11.25,6.35,4.7000003,11.165805,225.998,93.00256,1015.0041
2017-10-23,8.672918,9.45,7.3,18.900003,17.339897,354.44403,92.612755,1012.6875
2017-10-24,6.960417,8.05,5.8,0.7,13.37825,48.164654,84.648224,1023.59985
2017-10-25,7.6729164,11.8,2.45,0.2,18.289274,206.67555,85.983696,1023.9167
2017-10-26,12.202085,14.4,10.35,1.1,22.725668,261.26538,84.77119,1021.7334
2017-10-27,9.468749,11.25,7.45,8.000001,23.233253,271.3732,87.214836,1014.0251
2017-10-28,7.308334,8.75,5.95,4.5,29.250967,270.31393,85.55707,1011.68335
2017-10-29,6.6833324,8.0,3.7,19.900002,45.504055,267.00473,78.24464,992.52094
2017-10-30,3.7291663,5.95,1.95,0.8000001,34.268143,291.56747,69.99543,1009.72906
2017-10-31,3.125,6.35,1.1,0.1,26.64,273.43265,75.57281,1021.7625
2017-11-01,6.929167,9.45,3.35,0.7,25.233406,255.11209,76.830605,1020.56665
2017-11-02,10.120832,14.35,7.25,8.4,23.452555,255.71118,80.44489,1012.5999
2017-11-03,7.8062496,9.65,6.1,1.5000001,16.981165,267.04993,92.63672,1016.28735
2017-11-04,7.2958336,14.1,2.35,0.0,13.397612,181.83572,78.7569,1018.5876
2017-11-05,8.191667,15.35,3.5,0.0,12.261158,133.04846,74.88633,1013.0208
2017-11-06,7.75625,12.4,3.75,0.0,8.350138,326.52365,81.41482,1017.2917
2017-11-07,7.5520835,9.5,5.35,0.3,20.06334,79.15498,86.56237,1023.77496
2017-11-08,4.1854167,7.95,1.6,0.0,17.414476,80.15024,89.613014,1021.825
2017-11-09,4.9395833,7.3,0.35,2.0000002,14.471821,262.48532,93.52781,1022.17914
2017-11-10,7.4,9.6,5.6,0.0,20.421871,241.71466,77.364204,1017.28326
2017-11-11,5.84375,7.5,4.2,3.5000002,30.453527,250.4609,73.37346,1009.52094
2017-11-12,4.5020833,6.3,3.1,6.9999995,23.14103,258.55743,82.84225,1005.04596
2017-11-13,4.4708333,5.9,3.2,7.3999996,16.179987,292.8588,89.95513,1005.42084
2017-11-14,3.2541668,5.05,0.75,0.0,13.441071,280.80154,82.7176,1022.4292
2017-11-15,1.2145833,4.8,-2.25,0.0,9.826088,247.6559,84.5837,1027.6749
2017-11-16,1.5604167,7.35,-1.7,0.0,10.446206,112.932106,85.21722,1027.3542
2017-11-17,2.9874995,4.7,0.05,7.4,12.245294,255.765,93.07566,1023.44586
2017-11-18,3.55,4.7,1.75,1.0,14.512064,272.6854,86.0227,1019.0708
2017-11-19,3.1458333,5.2,1.6,1.0,22.702845,251.66856,77.131805,1010.42505
2017-11-20,2.1125,4.0,1.1,3.4,29.784426,263.05783,82.79319,1012.75836
2017-11-21,2.8291664,4.7,1.25,2.6,14.84318,241.66093,87.75202,1014.0999
2017-11-22,6.079167,8.1,3.4,2.8,16.454008,243.17613,91.06693,1012.93756
2017-11-23,4.9833326,11.2,1.65,0.0,10.829959,191.84995,88.946815,1015.19165
2017-11-24,5.5395837,11.55,1.95,0.0,11.4862,230.33447,85.88678,1016.9707
2017-11-25,6.845833,11.85,2.75,0.8,16.199999,188.23799,82.38092,1011.82916
2017-11-26,3.7854173,7.8,0.05,4.5999994,22.7057,289.9145,87.86544,1017.6209
2017-11-27,0.31875,3.0,-1.8,0.0,18.0,252.1615,87.4772,1022.43744
2017-11-28,1.7916669,6.8,-1.55,0.0,14.440443,191.87895,69.93267,1013.6416
2017-11-29,1.5249997,3.25,-0.7,7.499999,7.771331,97.64666,89.91218,1009.604
2017-11-30,0.30833334,0.9,-0.35,16.6,27.155552,273.13617,96.537895,1002.375
2017-12-01,-0.28333345,2.0,-7.05,0.4,27.607563,258.9436,92.31375,1012.88763
2017-12-02,-1.8937501,0.05,-5.95,0.0,10.739833,272.5499,90.20166,1024.504
2017-12-03,-0.26250002,0.95,-1.85,3.0999997,16.434305,24.22189,89.89858,1023.2834
2017-12-04,-0.22708334,1.6,-3.05,2.8999999,26.807312,256.37692,83.463104,1019.4666
2017-12-05,1.5166668,3.45,0.3,3.6,26.168804,263.62878,90.96169,1025.3417
2017-12-06,3.6687498,4.55,2.9,6.0999994,30.302078,261.2121,87.5199,1024.35
2017-12-07,3.0874999,5.5,-0.4,0.6,26.27753,250.54938,76.9019,1021.5708
2017-12-08,3.341667,6.45,0.15,2.2,20.907913,243.98488,70.388725,1009.69574
2017-12-09,0.63541657,2.45,-1.8,1.3000002,19.64558,271.46497,86.037346,1008.6584
2017-12-10,-0.19374996,2.15,-2.45,0.0,21.129885,221.23758,67.997734,1005.7627
2017-12-11,6.247917,10.5,2.85,0.0,36.304707,199.31859,63.033726,995.2917
2017-12-12,9.3,12.75,4.0,0.0,39.28621,228.50238,67.15905,1002.18756
2017-12-13,1.8104162,3.95,-1.45,0.0,17.373497,245.54735,73.88297,1016.14575
2017-12-14,3.3104165,7.1,-2.05,0.0,29.5551,217.98352,61.663242,1000.9875
2017-12-15,2.9187505,6.65,-0.65,0.70000005,22.427162,219.38776,72.60949,999.39594
2017-12-16,-0.2333333,2.0,-2.35,0.1,17.873556,264.61075,85.77453,1005.77924
2017-12-17,-0.09375,2.8,-2.0,0.0,13.722565,262.27228,81.80889,1017.65436
2017-12-18,-1.05625,1.45,-3.35,0.6,14.113653,339.015,87.05817,1025.4542
2017-12-19,-2.0333333,-1.1,-3.45,0.8000001,14.934577,284.1771,81.01472,1030.9166
2017-12-20,-1.3854169,0.4,-3.0,1.5000001,15.876775,271.56592,86.14373,1032.7001
2017-12-21,0.3729166,2.8,-1.3,4.2999997,25.86494,254.1554,83.495995,1029.5875
2017-12-22,2.2729166,3.3,1.7,3.8000002,24.29133,266.8818,94.39599,1027.4708
2017-12-23,3.1291666,5.65,1.7,3.5999997,31.782108,264.13214,89.953,1023.6958
2017-12-24,7.416666,7.8,6.05,1.6000001,33.46645,260.72928,83.763535,1017.92487
2017-12-25,5.9375005,9.55,-0.15,0.2,29.68636,254.01488,81.87351,1019.4167
2017-12-26,2.5020833,6.05,1.15,0.0,13.049689,241.17877,80.78207,1011.0415
2017-12-27,2.9541664,9.5,-0.7,0.0,13.779114,157.77744,80.26281,1000.5334
2017-12-28,5.4979157,8.35,1.65,1.9000002,27.238941,160.02774,80.02555,993.1917
2017-12-29,0.7333332,1.55,-2.2,8.500001,22.007162,270.0646,94.47427,1006.7458
2017-12-30,-0.97291654,2.7,-4.6,0.0,11.885453,198.00424,78.16605,1011.825
2017-12-31,6.091667,8.15,3.15,1.6000001,24.819122,244.2516,78.77441,1008.42914
2018-01-01,5.0083337,7.85,0.8,2.1,20.447239,235.76147,84.83979,1008.02936
2018-01-02,1.3854166,5.2,-2.45,0.90000004,17.64,244.91833,89.818695,1008.6541
2018-01-03,3.1020832,6.15,-0.4,2.1,29.88217,227.85,79.06961,1003.38745
2018-01-04,4.585417,7.7,1.95,0.4,24.766848,234.00006,74.67296,1001.1084
2018-01-05,6.516668,9.4,3.8,0.70000005,22.17144,226.20497,71.19811,1002.0874
2018-01-06,7.5499988,10.95,5.5,1.3000001,8.311245,215.10614,89.08539,1009.8916
2018-01-07,4.8895836,7.35,1.35,1.8000002,18.204042,54.34973,91.39417,1022.3501
2018-01-08,0.4395833,1.25,-2.65,1.7,19.242327,73.794876,90.109825,1033.2999
2018-01-09,-0.79999995,3.85,-4.4,0.0,22.26477,77.68696,81.15378,1030.4666
2018-01-10,2.8020833,6.5,0.65,1.3000001,10.823973,62.543335,92.752205,1017.06244
2018-01-11,2.0916667,2.8,1.55,3.8,9.0,45.00012,95.81138,1016.6125
2018-01-12,0.76041657,1.55,-1.25,0.9000001,20.870687,70.01676,91.148796,1026.7748
2018-01-13,-1.2416667,0.2,-3.05,0.0,27.009598,79.63807,69.75166,1032.5792
2018-01-14,-3.7437499,-0.85,-6.5,0.0,20.12461,80.0967,67.15644,1032.075
2018-01-15,-5.475,-1.6,-7.65,0.0,14.264361,94.536064,65.46609,1027.1792
2018-01-16,-2.23125,3.15,-7.2,2.2,26.61323,145.53154,65.71389,1004.60834
2018-01-17,1.0895833,3.85,-1.25,1.3,34.942265,251.96765,77.843544,996.32086
2018-01-18,1.4166666,4.3,-1.35,1.5,42.785507,232.81868,70.43142,1002.8376
2018-01-19,1.7041665,4.25,-1.8,0.4,40.66088,260.68494,74.09461,1004.10406
2018-01-20,-0.87499994,2.65,-3.4,1.1,14.241629,242.5127,84.9002,1010.88745
2018-01-21,-1.0166664,0.95,-3.85,4.6000004,17.935081,42.34484,86.78369,1009.1873
2018-01-22,-2.5979166,-1.55,-5.05,0.2,15.137133,87.74066,82.54302,1018.26245
2018-01-23,-3.427083,-0.5,-6.3,0.1,11.183201,81.81591,83.491165,1023.86664
2018-01-24,1.4145832,6.0,-2.7,0.0,11.753877,208.75029,81.81303,1026.7333
2018-01-25,3.6645832,9.3,-1.7,0.0,10.787993,247.68991,75.24799,1021.5916
2018-01-26,0.8395834,5.35,-1.95,0.0,7.42159,236.78046,79.82558,1021.20404
2018-01-27,0.40624997,3.45,-2.4,0.5,10.948973,249.17137,90.24613,1030.0417
2018-01-28,4.339584,6.4,1.35,0.4,29.598919,250.1227,83.87133,1028.7208
2018-01-29,7.4812512,10.55,5.85,0.8000001,29.374763,253.03531,81.25175,1022.0916
2018-01-30,5.1041665,7.85,2.35,2.3999996,36.939926,274.8982,70.12167,1021.1416
2018-01-31,2.9708338,7.95,-1.45,0.0,19.513195,225.90926,68.22928,1019.071
2018-02-01,5.6999993,9.0,3.5,3.7,18.514643,222.68408,73.62142,1003.70416
2018-02-02,2.4687495,4.55,-0.35,4.9,22.782625,251.14671,92.42846,1007.17914
2018-02-03,0.13541673,3.9,-3.0,0.0,11.91812,282.9949,89.000916,1005.5625
2018-02-04,-0.0020833563,2.1,-1.1,3.1999998,9.793058,286.08768,88.52222,1013.45
2018-02-05,-2.1333334,0.85,-5.1,1.3,16.485485,332.42795,74.65017,1025.2417
2018-02-06,-5.2395835,-1.45,-7.95,0.0,11.252519,109.093666,63.837223,1023.0959
2018-02-07,-2.8437498,1.25,-6.65,4.9,14.81259,70.366745,78.55798,1017.2959
2018-02-08,-1.2270833,0.6,-2.55,2.3000002,9.511088,321.03098,89.010826,1016.325
2018-02-09,-1.50625,0.25,-4.05,1.1000001,8.707238,283.9053,86.23566,1019.12085
2018-02-10,-1.6187496,0.7,-4.05,0.0,6.6087217,74.424355,85.72413,1017.84595
2018-02-11,-0.73958343,3.05,-3.5,0.0,10.086427,87.46654,82.65044,1012.23755
2018-02-12,0.67499995,3.75,-3.1,0.5,16.215992,244.05775,82.70239,1011.2124
2018-02-13,-0.2229166,3.0,-2.0,2.6,11.620809,85.76336,89.40029,1017.05414
2018-02-14,-0.50624996,1.2,-1.75,3.1999996,18.161278,44.661587,85.036766,1017.7625
2018-02-15,-1.2875,0.5,-4.1,0.1,12.605142,67.72539,82.94534,1023.7917
2018-02-16,-1.0270834,1.8,-5.55,1.9,20.188908,250.23863,81.47332,1024.6293
2018-02-17,-0.28125006,4.6,-3.7,0.0,13.237039,250.3987,78.44451,1025.8042
2018-02-18,0.04583331,2.85,-2.7,0.3,15.546833,339.94382,77.159584,1026.3248
2018-02-19,-1.6520833,2.65,-5.2,0.0,14.759999,95.33827,71.39235,1025.7458
2018-02-20,-2.679166,1.55,-5.6,0.0,17.654686,75.66844,71.38328,1019.8376
2018-02-21,-1.8729166,-0.55,-2.75,0.2,17.654686,52.786476,74.07573,1020.85004
2018-02-22,-2.3666666,-0.65,-3.25,0.1,19.652176,60.10005,71.907814,1023.09985
2018-02-23,-2.989583,-1.0,-4.4,0.1,17.673029,58.170822,68.967705,1022.8667
2018-02-24,-5.558333,-2.2,-8.85,2.1,25.068514,8.607805,63.65089,1023.846
2018-02-25,-9.685417,-8.3,-11.35,0.0,14.973577,35.529552,56.1756,1029.3374
2018-02-26,-10.172917,-8.05,-12.9,0.0,18.35647,69.33284,62.555088,1026.2333
2018-02-27,-11.791665,-9.75,-14.05,0.8000001,24.36325,71.59202,63.16899,1021.54584
2018-02-28,-10.675,-8.05,-12.7,1.2000002,24.18707,67.120186,59.01157,1024.5416
2018-03-01,-10.8479185,-6.2,-15.15,0.0,14.917212,89.627335,62.20368,1021.56647
2018-03-02,-10.443749,-4.85,-15.5,0.0,19.562946,78.53893,65.61882,1008.53754
2018-03-03,-9.181251,-6.1,-11.8,0.0,13.779114,67.06198,65.7862,1006.0125
2018-03-04,-8.079167,-0.4,-14.5,0.0,10.703569,130.73206,57.186935,1009.8249
2018-03-05,-2.7875004,5.75,-9.6,0.0,10.44,75.79879,53.816483,1005.73315
2018-03-06,1.4895834,6.1,-2.45,1.3000001,9.885262,82.09293,75.981834,997.1208
2018-03-07,2.9520836,8.75,-2.55,0.0,23.233253,242.55698,80.87005,996.53754
2018-03-08,4.0187497,9.65,-1.05,0.0,23.023119,251.34628,76.63372,1005.72906
2018-03-09,4.6875,10.25,-0.9,0.5,27.72,244.03922,66.808205,1009.44165
2018-03-10,4.6791663,12.5,-1.35,0.0,10.1887,178.76006,79.93836,1010.38745
2018-03-11,7.510416,15.9,1.0,0.0,13.276144,178.77742,75.978065,1006.45844
2018-03-12,10.058333,16.5,2.85,1.2,30.085318,176.07869,74.6354,997.82086
2018-03-13,8.710418,13.25,4.45,2.0,24.48,252.47433,75.205536,1001.80835
2018-03-14,5.2125,8.75,2.5,0.3,20.633371,271.41522,84.38534,1008.7209
2018-03-15,4.09375,7.3,0.3,0.1,16.327497,80.1502,81.96419,1010.9207
2018-03-16,2.9729166,6.65,-2.0,11.7,22.392464,63.078465,93.99024,1004.4167
2018-03-17,-3.9291666,-2.1,-7.1,1.4000002,31.559086,64.30299,71.19404,1011.0999
2018-03-18,-7.079167,-4.35,-8.9,1.9000002,35.74711,67.80566,60.969067,1014.60834
2018-03-19,-5.7041664,-3.95,-8.05,0.9000001,24.826952,72.00532,67.31404,1012.9292
2018-03-20,-3.4583337,-1.4,-5.75,1.8000001,11.792404,330.73062,69.09339,1011.9084
2018-03-21,-2.0479167,0.9,-4.9,0.5,18.514643,312.50467,60.513767,1022.696
2018-03-22,-0.47291672,6.6,-5.85,0.0,17.298738,247.89789,46.174694,1019.2083
2018-03-23,0.89583343,6.2,-4.45,0.0,11.304229,154.02568,61.4968,1007.77905
2018-03-24,0.70624995,6.85,-5.2,0.0,16.434305,79.86489,70.387505,1007.89166
2018-03-25,2.9645832,9.65,-2.75,0.0,11.113451,264.18634,71.10372,1011.6667
2018-03-26,2.9520836,6.85,-0.8,0.0,14.154915,263.63065,71.667946,1012.7666
2018-03-27,2.1229167,5.15,-0.5,2.3,17.477621,282.9732,84.55169,1013.66254
2018-03-28,3.1250002,8.15,-2.25,0.1,17.057314,109.41552,74.244095,1011.33746
2018-03-29,6.227083,10.5,2.5,3.1999998,29.834423,241.59727,79.7916,1005.7668
2018-03-30,7.389583,12.95,1.2,0.1,13.237038,245.19434,70.92333,1010.2917
2018-03-31,10.064584,16.95,5.5,8.0,17.057314,150.4668,80.192406,1000.4375
2018-04-01,4.8083334,8.25,2.15,8.5,33.3559,269.54315,85.22914,996.80817
2018-04-02,4.7187505,9.6,1.8,1.6,38.90166,272.73444,63.25693,1009.82495
2018-04-03,9.381249,19.1,1.1,0.0,14.372974,199.76328,62.04983,1011.075
2018-04-04,12.200001,19.05,3.05,0.0,19.586117,171.97289,66.515724,1009.0457
2018-04-05,12.224999,17.6,6.4,0.0,19.443333,254.90918,64.83991,1008.9834
2018-04-06,7.8125,10.85,1.8,1.2,19.855558,297.593,67.513725,1021.66675
2018-04-07,8.504167,16.75,0.25,0.0,20.188908,98.4658,65.20292,1024.4001
2018-04-08,14.239583,22.65,6.75,0.0,20.26899,134.89,66.311905,1017.3084
2018-04-09,16.2875,25.0,8.3,0.0,16.862455,168.27922,57.819096,1009.94165
2018-04-10,15.029167,21.05,8.85,0.5,17.49615,189.8252,64.0632,1009.27924
2018-04-11,13.339583,20.15,6.25,0.0,10.390226,131.18582,69.41208,1010.5583
2018-04-12,15.358334,24.5,6.2,0.0,19.959719,103.495766,64.51116,1010.2542
2018-04-13,15.302082,23.65,10.45,0.7,13.202726,109.74333,75.11974,1011.30005
2018-04-14,14.633334,20.6,8.65,0.0,18.416384,262.25323,61.29337,1020.33344
2018-04-15,15.4875,23.0,6.6,0.0,14.973577,94.164,62.261227,1018.07916
2018-04-16,16.685417,24.45,11.45,2.8,16.92383,165.06854,68.47411,1012.70807
2018-04-17,14.14375,17.25,9.3,1.5,22.104116,295.76035,77.298996,1021.4832
2018-04-18,13.339584,19.8,7.95,0.0,16.179987,298.51904,66.731346,1030.6709
2018-04-19,15.247916,22.45,8.35,0.0,20.316889,303.15698,58.963245,1029.0333
2018-04-20,14.064583,20.0,9.2,0.0,9.387651,60.49492,55.728565,1026.7709
2018-04-21,17.804167,25.85,8.95,0.0,24.850431,266.08453,46.927563,1017.8293
2018-04-22,16.085417,21.55,10.2,0.0,11.983188,333.09897,48.382885,1016.5417
2018-04-23,15.639583,23.65,6.45,2.2,15.328561,228.5416,62.33875,1013.28754
2018-04-24,16.345833,21.05,12.5,1.3,20.633371,265.28653,67.594086,1014.554
2018-04-25,18.083332,24.15,10.85,0.3,31.222609,252.8709,56.101074,1010.40405
2018-04-26,13.095836,15.85,8.75,1.4000001,27.684914,266.4237,64.775,1013.34155
2018-04-27,11.362499,16.65,5.7,0.0,12.979984,274.65628,59.913586,1018.1374
2018-04-28,16.768751,25.3,7.6,0.0,16.375053,206.46025,56.06381,1014.2625
2018-04-29,18.829165,26.2,11.05,2.6999998,17.447933,150.21127,62.0703,1011.67487
2018-04-30,20.660418,27.35,14.05,0.3,23.113008,180.0839,55.831467,1006.8084
2018-05-01,19.552084,26.35,12.5,0.1,19.469976,233.1069,55.11337,1009.1167
2018-05-02,18.077082,23.85,12.2,0.0,16.520823,83.6857,66.3079,1013.53326
2018-05-03,20.402082,28.75,12.7,0.3,13.237039,61.615494,62.24884,1009.75006
2018-05-04,17.977081,22.9,14.05,0.0,16.055353,334.94,67.87131,1016.6834
2018-05-05,15.885415,20.65,11.25,0.0,16.862455,24.947378,55.495388,1022.0916
2018-05-06,14.681251,19.95,8.7,0.0,19.406637,52.18344,49.759518,1023.1792
2018-05-07,15.408333,21.3,7.6,0.0,20.883102,56.309914,51.696228,1020.5667
2018-05-08,16.081251,21.45,11.55,1.6000001,20.265795,68.39771,64.667656,1014.30835
2018-05-09,18.556252,24.35,13.65,2.2,16.279802,76.819565,72.027336,1009.53326
2018-05-10,19.7125,25.55,12.6,0.2,21.817902,112.67136,59.379425,1010.675
2018-05-11,18.787498,25.1,14.35,2.0,11.503113,258.53497,67.673195,1016.5999
2018-05-12,18.170832,23.55,13.25,0.0,19.93048,75.0543,62.9807,1016.875
2018-05-13,17.229166,23.2,9.55,0.0,19.416653,77.20739,49.45493,1014.19586
2018-05-14,14.2625,17.75,9.6,0.2,28.948118,78.38925,55.887543,1014.55005
2018-05-15,12.877086,19.45,7.75,4.4,16.808569,82.733696,79.685646,1012.03345
2018-05-16,12.608334,16.2,8.45,6.5999994,19.483284,257.25305,87.94651,1009.35004
2018-05-17,13.006251,14.65,12.15,26.6,25.872454,240.36484,86.150696,1008.15826
2018-05-18,13.616668,15.05,12.35,12.900001,23.319553,279.66174,88.01525,1012.9373
2018-05-19,14.700001,18.95,11.25,1.1,16.09969,301.42047,74.57001,1018.42084
2018-05-20,15.345833,19.8,10.65,0.2,18.0,50.436863,66.51494,1022.79156
2018-05-21,14.864585,20.35,8.4,0.0,20.633371,75.561554,62.23015,1021.1875
2018-05-22,17.106249,24.0,8.65,0.0,12.57426,89.47438,66.59434,1016.20416
2018-05-23,18.93125,24.5,13.85,4.7,15.124284,79.69522,70.87597,1019.17505
2018-05-24,18.385416,23.5,13.75,3.6,20.592503,62.596443,65.81725,1021.1333
2018-05-25,18.377087,24.25,13.0,0.2,22.039528,69.890854,63.315247,1019.20013
2018-05-26,19.175,24.15,14.45,0.0,10.163227,84.17375,73.52004,1021.2583
2018-05-27,20.681252,26.1,14.85,0.2,15.815435,80.56048,71.83753,1021.1667
2018-05-28,21.547918,27.35,14.5,0.0,22.668568,87.885475,60.184906,1021.8042
2018-05-29,20.972914,28.4,13.1,0.5,20.371038,121.16785,57.964527,1019.94586
2018-05-30,22.0,28.15,14.15,1.0,19.523155,233.13002,56.50794,1018.01666
2018-05-31,23.279165,29.5,16.45,0.7,11.304229,153.01982,53.49385,1016.6582
2018-06-01,23.545832,30.6,15.6,0.4,18.089775,139.85118,54.0565,1016.02496
2018-06-02,20.406252,23.9,17.7,6.7000003,20.833395,264.3205,75.9974,1014.7126
2018-06-03,19.347918,22.65,16.6,11.300001,18.556595,266.01758,82.678505,1015.04584
2018-06-04,20.345835,25.6,14.95,0.6,12.287555,256.9873,74.77596,1011.35834
2018-06-05,21.006248,25.35,16.45,3.3,15.175612,285.5628,67.47819,1008.8042
2018-06-06,17.014582,20.65,13.1,0.0,20.172853,68.38891,49.337143,1017.32513
2018-06-07,18.191668,25.25,10.35,0.0,19.602652,83.16915,44.97311,1018.70416
2018-06-08,21.958334,28.75,14.9,0.9,9.0,131.47426,60.728176,1014.9124
2018-06-09,23.824999,30.1,17.4,0.8,17.595861,133.7314,64.30685,1012.0708
2018-06-10,23.20833,30.35,16.65,0.8,20.65848,166.31769,67.46815,1010.4707
2018-06-11,23.062502,27.1,19.0,1.7000002,21.09305,269.93118,64.637215,1008.8459
2018-06-12,19.691668,22.75,16.9,15.000001,25.567604,285.23456,76.80802,1006.3293
2018-06-13,17.175,19.85,13.95,2.1999998,18.581022,48.59841,74.9562,1007.9375
2018-06-14,17.777084,21.2,15.1,4.2000003,19.296133,13.220491,69.186966,1011.62494
2018-06-15,19.55625,23.6,15.1,0.3,17.414474,13.834853,59.185303,1013.63336
2018-06-16,21.152082,26.05,16.0,0.0,17.148247,62.560368,56.594433,1014.84174
2018-06-17,20.993753,25.15,15.3,0.2,18.998314,82.65343,60.764393,1014.80023
2018-06-18,20.535416,24.5,17.85,1.6,17.782688,345.32364,67.697044,1016.6377
2018-06-19,22.364584,26.95,17.9,0.90000004,15.978484,289.611,57.741016,1019.9207
2018-06-20,23.427084,28.75,16.7,0.0,10.805999,268.2101,51.72051,1021.43335
2018-06-21,25.233332,32.15,17.05,5.1,25.809765,243.21242,55.44914,1012.70844
2018-06-22,14.64375,17.75,11.85,4.3,20.037485,285.29984,58.305084,1016.5207
2018-06-23,12.733334,15.6,9.9,3.7999997,28.202042,271.71295,70.18261,1017.9001
2018-06-24,13.633334,17.0,11.05,7.1,25.171696,264.22684,79.16769,1016.825
2018-06-25,15.029167,19.25,11.05,2.1000001,16.981165,263.0028,76.684166,1018.83746
2018-06-26,15.0979185,18.7,11.35,1.6000001,12.7279215,282.33902,75.88404,1020.10425
2018-06-27,15.816665,19.3,11.3,7.6000004,20.799152,37.7773,83.46847,1019.8291
2018-06-28,17.956247,19.55,15.9,17.100002,26.121714,46.30974,88.50653,1012.83325
2018-06-29,21.05625,26.25,17.55,2.6999996,19.08,14.142389,74.66557,1009.25
2018-06-30,15.039585,18.45,12.55,0.6,27.887802,342.6519,64.01391,1012.6125
2018-07-01,13.7770815,16.65,11.1,4.9999995,20.46941,309.83328,63.98347,1016.32086
2018-07-02,15.0625,18.6,10.9,0.0,24.033876,276.00278,60.471375,1016.48334
2018-07-03,17.03542,22.5,10.8,0.0,22.065973,249.2775,54.82165,1016.0293
2018-07-04,19.902084,26.6,11.95,0.0,17.339897,255.72154,51.688595,1014.6458
2018-07-05,22.802086,30.05,14.0,0.0,17.399586,248.01208,47.15745,1011.17084
2018-07-06,22.802084,28.9,18.3,2.7,18.532135,268.4425,63.46928,1011.346
2018-07-07,21.516668,26.85,16.25,0.3,20.969805,302.33252,51.56274,1015.5168
2018-07-08,20.025,25.3,14.3,1.0,15.4800005,283.5822,55.39296,1016.52515
2018-07-09,20.312498,25.2,15.6,0.4,10.739832,224.51035,69.94214,1016.0376
2018-07-10,21.587496,27.55,14.95,0.1,13.896187,193.28017,63.224396,1013.71655
2018-07-11,19.347916,23.6,16.55,24.8,14.440443,265.96576,82.9678,1013.5625
2018-07-12,18.750002,23.4,14.45,3.4999998,25.721743,258.99814,67.40605,1013.9458
2018-07-13,19.266665,23.9,15.65,2.1,25.323128,272.21884,65.59234,1014.2541
2018-07-14,19.32292,23.45,15.95,9.900002,24.387178,278.7675,76.55323,1014.80835
2018-07-15,19.962502,24.5,15.4,2.6000001,22.039528,287.2375,68.121025,1014.00415
2018-07-16,19.75625,24.3,15.2,7.9999995,20.46941,279.96744,75.06415,1011.1707
2018-07-17,17.960417,19.65,16.6,29.599998,24.187069,267.17004,92.06446,1006.8333
2018-07-18,19.564583,23.4,17.45,30.999998,21.659916,299.51596,89.241005,1005.8459
2018-07-19,18.833334,20.85,17.7,29.700003,20.674158,277.21124,92.66068,1010.9333
2018-07-20,20.139582,24.2,16.9,3.4999998,18.374111,274.63904,83.32837,1012.5916
2018-07-21,20.858334,26.25,14.5,0.0,10.483357,251.82898,68.406364,1012.1748
2018-07-22,21.433334,26.7,15.55,0.0,13.70839,78.07324,68.9139,1009.62506
2018-07-23,21.912498,26.65,17.5,0.6,19.829433,346.24765,64.237755,1011.27075
2018-07-24,22.522919,27.25,16.75,0.0,18.03237,342.58194,58.902325,1012.22076
2018-07-25,21.391665,26.75,16.25,5.8,15.646544,344.9683,73.44418,1012.2
2018-07-26,20.891666,24.75,17.1,17.7,11.592894,35.31125,83.988205,1014.0667
2018-07-27,21.847916,26.9,17.65,3.6000001,14.529915,72.088524,83.01275,1014.05
2018-07-28,23.374998,28.15,17.3,0.1,7.42159,88.39401,75.077354,1010.5625
2018-07-29,23.483332,28.25,19.55,7.0,15.484185,274.65628,77.61817,1013.03345
2018-07-30,22.604164,27.65,18.75,6.7,10.30883,301.0567,84.50881,1016.1084
2018-07-31,22.40625,26.85,18.6,6.4,16.454008,83.02731,83.90381,1017.4583
2018-08-01,23.266665,28.7,19.65,1.8000001,16.299694,81.32434,83.63491,1018.5833
2018-08-02,23.939583,29.3,18.25,0.0,13.53236,75.33465,76.6573,1019.62085
2018-08-03,23.82917,28.7,18.85,0.0,12.849528,97.0634,68.68903,1020.22076
2018-08-04,24.220835,30.2,16.85,0.0,9.114471,197.65019,60.16226,1017.21265
2018-08-05,22.845833,27.05,18.05,2.0,18.971008,263.21573,73.90703,1015.8833
2018-08-06,20.891665,25.65,17.15,0.2,13.627795,305.43607,69.73707,1018.2209
2018-08-07,22.047918,27.4,15.4,0.0,14.04,101.55017,62.19679,1017.60004
2018-08-08,23.108332,29.5,15.3,0.0,12.287555,101.4562,70.116455,1016.27496
2018-08-09,26.304169,31.5,21.55,0.0,13.1041975,156.46216,62.240955,1016.70013
2018-08-10,24.283327,30.25,19.8,14.9,21.252197,228.22763,72.792656,1018.98755
2018-08-11,18.514584,20.35,16.8,24.700003,11.726277,297.6014,84.464836,1020.91254
2018-08-12,19.435415,24.1,15.2,0.2,12.758432,100.036934,75.03188,1019.26245
2018-08-13,22.460417,29.15,14.5,0.0,11.631956,213.1622,65.37812,1011.8499
2018-08-14,22.185415,26.55,18.4,3.3,16.215992,247.86607,72.9479,1010.4749
2018-08-15,20.510416,23.5,18.25,4.0,13.044722,282.0386,78.32287,1016.22906
2018-08-16,19.781252,23.6,15.65,0.2,15.137133,60.11907,78.359856,1019.08765
2018-08-17,20.895834,25.7,15.95,0.0,12.682018,91.019356,75.52147,1016.83344
2018-08-18,22.0625,27.45,15.2,0.0,7.628263,93.08215,72.99233,1018.1624
2018-08-19,22.627085,28.2,16.15,0.0,8.209263,220.38924,69.955185,1019.9958
2018-08-20,23.81875,30.4,16.8,0.0,19.803272,233.25935,62.777897,1015.92505
2018-08-21,21.752083,24.65,17.3,0.3,12.57426,311.2254,64.342064,1018.82086
2018-08-22,20.5875,24.85,16.45,0.0,13.339445,89.99999,59.163654,1020.69165
2018-08-23,22.647917,29.35,15.45,0.0,14.145756,118.70583,61.76509,1015.48334
2018-08-24,24.045835,28.45,19.75,2.3999999,15.281989,227.94652,64.254166,1010.125
2018-08-25,18.14375,19.45,15.5,12.800001,16.919998,258.47278,87.94828,1010.06256
2018-08-26,14.437499,16.15,12.35,8.600001,14.759999,341.48557,83.481544,1014.3289
2018-08-27,14.341666,18.1,10.35,0.0,8.707238,147.2648,75.87143,1017.13745
2018-08-28,16.435415,21.85,9.75,0.5,16.039202,272.17862,71.12549,1018.5085
2018-08-29,17.881247,22.4,12.45,0.1,12.496719,85.64186,64.15925,1019.42084
2018-08-30,19.677084,26.95,12.2,0.0,13.698934,226.11444,66.761986,1015.82513
2018-08-31,18.59167,21.65,16.45,0.4,12.144331,270.6273,79.4129,1019.27924
2018-09-01,20.058332,26.1,14.55,0.0,22.380884,77.727715,75.40487,1020.4041
2018-09-02,20.96875,26.85,16.05,0.9,26.009842,88.08545,67.87214,1021.02075
2018-09-03,19.502085,24.9,13.7,0.0,19.201874,78.21776,68.33306,1017.1667
2018-09-04,18.333334,21.05,15.6,5.2999997,12.979984,60.288757,82.8118,1012.92084
2018-09-05,18.4125,22.3,15.35,2.8999996,14.973577,305.08636,82.25799,1014.9331
2018-09-06,17.174997,21.65,13.1,1.0000001,11.592895,280.70825,80.52589,1013.4417
2018-09-07,17.887503,23.2,13.3,0.2,7.145796,329.62085,78.50307,1012.2749
2018-09-08,17.675001,21.45,14.8,12.500001,17.462782,276.00424,81.4201,1017.8042
2018-09-09,16.752085,21.85,12.65,1.0,9.107359,314.99985,80.21813,1022.25
2018-09-10,16.966667,22.75,11.85,0.0,10.144082,245.5332,72.599884,1022.1333
2018-09-11,17.44375,22.45,13.15,0.0,17.339897,250.05748,68.99722,1022.22076
2018-09-12,20.085415,27.65,13.7,0.0,9.885262,242.63928,64.3917,1021.07916
2018-09-13,20.102083,26.4,14.35,0.0,8.587338,238.41412,67.481575,1017.27905
2018-09-14,17.612501,21.25,14.95,8.199999,10.587918,323.40546,89.46854,1017.1707
2018-09-15,16.86875,19.85,13.8,6.2999997,18.161278,291.61996,82.670815,1019.93335
2018-09-16,15.256249,19.55,12.2,0.0,12.496719,249.27739,72.13012,1025.1334
2018-09-17,16.58125,23.35,9.45,0.0,10.464797,169.06894,75.435074,1022.96246
2018-09-18,19.195833,25.8,12.65,0.0,11.269782,206.4961,69.08138,1020.7708
2018-09-19,18.514584,25.55,11.6,0.0,10.24578,230.67172,65.3623,1020.48755
2018-09-20,18.729166,25.65,11.7,0.0,7.9932966,206.04765,66.95292,1020.32495
2018-09-21,19.241667,26.45,12.55,0.0,15.459054,198.03635,62.657467,1014.8748
2018-09-22,14.602085,19.85,12.25,8.400001,23.847115,259.51077,69.64223,1017.94995
2018-09-23,14.745833,17.3,11.75,0.1,32.47591,228.03102,58.25282,1014.49164
2018-09-24,10.947918,17.9,7.35,5.0999994,45.107872,274.78378,69.576515,1015.60834
2018-09-25,8.056251,11.25,5.65,1.0,24.774696,290.50577,71.30396,1032.0792
2018-09-26,9.241666,14.45,3.55,0.0,20.63023,247.9623,65.09971,1036.2208
2018-09-27,13.304168,16.35,10.25,0.0,22.26477,255.03775,60.04263,1028.0709
2018-09-28,14.452085,20.6,9.55,0.1,22.065973,273.80832,71.24636,1019.31665
2018-09-29,10.252084,13.5,5.1,1.3000001,15.379206,7.2405105,66.708885,1025.7919
2018-09-30,8.435416,14.5,2.5,0.0,10.8955765,127.32561,64.68438,1022.86237
2018-10-01,11.48125,16.8,5.25,0.6,16.418526,223.18889,64.367096,1012.30835
2018-10-02,9.027083,10.7,7.25,3.4,20.674156,259.77103,82.067894,1015.92487
2018-10-03,10.36875,13.05,7.9,3.4999998,40.449966,264.58087,63.90602,1016.00415
2018-10-04,9.16875,12.25,5.95,0.1,25.501621,265.53043,70.12569,1026.4916
2018-10-05,9.527083,16.4,3.7,0.0,11.923557,191.0584,73.65176,1027.2458
2018-10-06,13.568749,22.9,6.25,0.0,16.42247,172.50671,65.16091,1017.92084
2018-10-07,15.91875,21.55,11.0,0.1,17.114204,241.26472,71.83645,1013.89594
2018-10-08,11.458333,13.7,9.55,0.0,10.30883,57.491154,79.0058,1023.52094
2018-10-09,11.952084,18.45,7.6,0.0,10.028439,103.66637,84.086876,1024.8917
2018-10-10,12.645832,20.65,7.4,0.0,11.304229,92.13501,83.3627,1026.4042
2018-10-11,11.389584,18.55,6.05,0.0,11.27553,79.38644,86.69385,1025.5917
2018-10-12,13.479167,21.1,7.6,0.0,11.631956,110.49744,75.58288,1027.4791
2018-10-13,13.020835,20.85,6.85,0.0,9.746631,129.996,78.15244,1028.4498
2018-10-14,12.670834,20.65,7.75,0.0,11.901798,119.80903,78.1294,1024.5917
2018-10-15,13.289584,19.85,7.3,0.0,10.137692,151.54306,66.22999,1022.6374
2018-10-16,12.391666,21.3,6.25,0.0,11.792404,150.87126,67.27769,1022.0417
2018-10-17,12.945832,20.35,6.05,0.0,9.826088,118.2821,67.09823,1021.7041
2018-10-18,13.825,19.25,9.55,0.0,10.587917,251.18799,76.616264,1019.6917
2018-10-19,12.327083,16.1,9.95,3.3,13.684735,277.57404,88.00823,1021.8208
2018-10-20,11.104167,13.9,7.45,3.8999999,15.683774,286.3658,86.68637,1024.9834
2018-10-21,8.183333,9.85,6.3,2.3999999,17.057314,1.3399923,84.611565,1027.1833
2018-10-22,8.566667,12.6,4.75,0.2,14.264361,269.13632,82.84761,1026.1044
2018-10-23,7.75,10.6,4.6,10.299999,38.292225,254.43579,79.23516,1016.425
2018-10-24,7.743751,9.3,5.25,5.9,38.954926,300.0055,61.556507,1005.55414
2018-10-25,7.431249,12.0,3.65,4.4,35.756172,269.16336,77.28264,1010.39166
2018-10-26,8.610417,11.5,6.75,0.2,20.892412,249.64781,79.45919,1010.56665
2018-10-27,9.75625,14.6,6.9,4.6,17.283749,260.353,83.98728,1006.6624
2018-10-28,7.25625,8.05,6.2,12.400002,23.4,63.815075,93.07465,1010.83344
2018-10-29,12.822917,18.6,7.9,1.6,21.120682,97.8112,88.58648,1007.69574
2018-10-30,16.433332,20.55,11.05,0.3,27.475807,138.14296,65.407005,1007.3083
2018-10-31,11.368751,18.05,6.8,0.0,11.159999,157.28555,69.50755,1020.98755
2018-11-01,11.020833,17.7,4.25,0.0,14.336861,99.378105,75.335144,1021.02094
2018-11-02,14.860415,19.45,11.1,1.2,10.948973,163.8723,74.00725,1021.47906
2018-11-03,12.320834,14.6,9.7,3.3,15.893093,338.39938,90.071175,1025.779
2018-11-04,11.277083,14.25,9.45,0.0,15.683776,77.29293,91.19808,1023.7708
2018-11-05,10.7375,14.3,7.3,0.0,9.504272,106.33281,91.52407,1019.86676
2018-11-06,10.56875,16.35,5.05,0.0,10.703569,124.307846,67.37103,1018.8833
2018-11-07,10.133334,16.6,5.55,0.0,10.829959,121.733475,73.10206,1017.8416
2018-11-08,9.5125,15.55,4.6,0.0,11.177405,246.40364,80.05983,1020.85004
2018-11-09,8.045835,14.55,3.65,0.0,7.928178,133.26433,89.84928,1020.31665
2018-11-10,7.202083,11.5,4.95,0.0,8.905908,112.186745,92.42054,1016.67487
2018-11-11,7.7895837,13.9,4.15,0.0,11.367109,139.08577,87.92428,1017.62085
2018-11-12,8.939584,14.8,3.9,0.0,13.556282,157.60033,81.53503,1023.37506
2018-11-13,10.977084,16.6,5.95,1.4000001,22.7057,222.89003,79.961815,1023.90405
2018-11-14,8.202084,10.35,5.3,1.0,22.086521,277.01062,85.306946,1028.9708
2018-11-15,7.247917,9.75,5.25,0.1,12.538134,14.976888,83.23595,1031.4208
2018-11-16,4.1541667,5.85,0.7,0.3,19.296133,78.66781,84.72026,1036.1376
2018-11-17,-0.3520834,3.05,-2.95,0.0,17.447933,70.65993,74.64678,1037.8583
2018-11-18,-1.8958331,1.3,-4.4,0.0,10.440001,66.11696,81.17855,1029.1788
2018-11-19,-0.65416664,0.4,-2.35,0.2,18.792551,75.06451,85.15132,1021.7708
2018-11-20,0.8999999,2.9,-0.45,3.0000002,28.981676,81.60302,79.30085,1020.38336
2018-11-21,0.19999999,0.8,-0.2,1.0,20.721119,76.37568,88.64648,1020.97076
2018-11-22,-0.056250002,1.4,-1.7,0.1,18.289274,80.33594,85.93139,1025.2583
2018-11-23,0.08333323,3.6,-2.6,0.0,11.966954,77.84339,91.10031,1026.5999
2018-11-24,2.65625,6.9,-0.95,2.2,9.6932955,62.560394,94.229774,1017.6541
2018-11-25,5.495833,7.65,3.35,0.0,11.269782,12.926014,91.59725,1013.8958
2018-11-26,2.741666,4.65,-0.8,2.0,25.277023,59.18377,92.59167,1009.6541
2018-11-27,-1.0958334,-0.4,-2.0,0.0,18.58451,56.22104,75.01085,1017.854
2018-11-28,-1.09375,-0.15,-2.2,0.1,17.114204,69.01696,76.955925,1029.5333
2018-11-29,-3.629166,0.75,-6.95,0.0,18.72346,94.52054,68.244705,1034.0417
2018-11-30,-4.1208334,0.65,-6.9,0.0,12.245294,97.58545,72.34559,1027.0333
2018-12-01,-3.95,0.2,-8.35,0.1,16.766108,248.48958,75.799355,1020.86676
2018-12-02,1.1333333,6.0,-4.2,1.5,13.493999,199.16144,78.278564,1015.08746
2018-12-03,4.6625,8.5,2.05,1.8000001,17.782688,241.24487,87.24988,1007.6709
2018-12-04,5.9729176,8.0,2.85,4.3,21.96,262.2856,89.959076,1011.08325
2018-12-05,1.2895831,3.3,-0.6,0.0,18.014393,266.45645,84.09554,1027.7333
2018-12-06,-0.7916667,4.0,-4.25,0.0,10.182337,165.57283,72.66521,1025.4125
2018-12-07,4.402084,7.1,0.25,1.5,15.379206,240.71931,84.11741,1014.2376
2018-12-08,5.3041663,7.15,2.85,4.8,27.086262,246.66013,80.81783,1006.65826
2018-12-09,5.683333,8.65,3.85,2.1,32.750107,229.48778,74.03772,999.94995
2018-12-10,3.166667,5.25,0.75,5.0999994,28.856194,265.56293,87.90443,1006.821
2018-12-11,0.8875,3.2,-0.15,4.9000006,19.296133,247.58453,88.23837,1011.5957
2018-12-12,0.20208335,1.1,-1.05,2.1000001,11.928989,339.00122,94.13871,1018.7874
2018-12-13,-1.28125,-0.4,-3.75,0.3,14.154915,262.4707,91.24845,1023.22925
2018-12-14,-0.91458344,-0.05,-2.1,0.3,12.7279215,67.05966,86.670845,1025.1583
2018-12-15,-1.4958334,-0.6,-2.4,2.6000001,22.238562,67.20535,87.20466,1025.2708
2018-12-16,-3.4854167,-1.3,-9.55,0.90000004,19.33639,101.46218,87.34396,1020.14594
2018-12-17,-4.1791663,-0.25,-10.6,0.0,14.205182,250.99684,86.11257,1023.26666
2018-12-18,-1.4874998,1.5,-5.35,0.1,10.195057,218.65979,90.17753,1029.2167
2018-12-19,-5.5500007,-1.65,-9.35,0.0,10.703569,88.82823,89.824196,1027.2416
2018-12-20,-3.1125,-0.8,-6.2,1.6,11.770403,301.32852,85.81921,1021.4959
2018-12-21,2.802083,5.25,0.0,0.3,20.140705,230.94148,79.17622,1017.39996
2018-12-22,6.2979164,8.7,3.75,5.1,32.096577,252.12717,80.96763,1007.2834
2018-12-23,2.8666668,4.35,1.1,3.1,23.084955,257.37753,91.55594,1017.17505
2018-12-24,1.9,4.4,-0.7,4.4999995,23.507751,300.60767,84.01241,1015.42084
2018-12-25,0.45208332,2.25,-1.7,4.0000005,23.377836,276.27145,83.68569,1025.15
2018-12-26,2.6270833,3.2,2.0,3.1999998,27.0024,267.57803,93.486946,1024.2793
2018-12-27,4.258333,5.7,2.75,1.7,22.89611,258.59824,93.10836,1023.5457
2018-12-28,4.5979166,5.1,4.1,2.6999998,21.791153,267.53967,92.72721,1021.5625
2018-12-29,3.8083334,4.4,3.5,2.8999994,17.076298,274.6353,92.22364,1025.375
2018-12-30,3.6395829,4.9,1.95,4.9,22.768398,256.73218,87.4197,1020.39575
2018-12-31,2.4520833,3.35,1.15,1.6000001,22.565422,296.8345,86.498924,1026.6249
2019-01-01,2.8208334,4.9,-0.35,4.0000005,31.875755,246.49352,83.427986,1019.8625
2019-01-02,0.81250006,2.95,-1.8,6.3999987,33.528355,290.29422,81.39239,1012.22504
2019-01-03,-2.8479166,-1.25,-4.6,0.70000005,27.0,310.29837,69.49474,1023.175
2019-01-04,-3.3125,-1.75,-4.55,1.7,19.416653,275.08237,78.06226,1026.8375
2019-01-05,0.102083355,1.6,-1.5,8.200001,24.923338,267.0518,90.52942,1014.6875
2019-01-06,-3.51875,-1.2,-5.8,0.5,19.296133,349.21573,82.48034,1021.84174
2019-01-07,-8.702083,-6.2,-13.85,0.0,11.298495,246.18135,86.62513,1029.9917
2019-01-08,-2.6854162,0.4,-14.15,2.4999998,19.813087,224.3778,79.60604,1010.83746
2019-01-09,-0.0020833288,0.7,-1.0,3.1,15.315873,231.96944,89.343925,1002.4124
2019-01-10,-4.0499997,-2.85,-6.35,2.8999999,11.177405,1.5527663,92.08615,1015.1917
2019-01-11,-6.370834,-3.05,-7.95,0.8,21.273533,255.96373,86.58771,1019.72906
2019-01-12,-0.0312501,1.75,-2.55,3.6,27.691935,253.48468,90.871925,1011.39996
2019-01-13,2.1520832,3.1,1.25,5.2999997,24.826954,245.6348,88.29928,1000.6626
2019-01-14,1.00625,3.25,-2.9,4.6999993,37.226505,275.80185,80.34794,993.74994
2019-01-15,-0.2083333,1.5,-3.0,7.1,31.421213,269.29605,75.97924,1007.2708
2019-01-16,2.8479166,4.0,1.5,8.200001,34.828953,258.4556,90.30047,1008.8125
2019-01-17,3.5062501,7.05,-0.1,0.0,25.44566,236.05923,70.22538,1005.7666
2019-01-18,1.8166666,5.9,-2.0,0.6,24.57511,264.90134,78.896484,1012.66656
2019-01-19,-3.208333,0.4,-5.95,0.0,10.703569,208.24968,77.08637,1022.73334
2019-01-20,-4.8416667,-1.2,-7.2,0.0,7.9932976,72.072044,76.808266,1019.50836
2019-01-21,-4.0333333,-1.8,-7.3,0.0,7.5685663,216.11945,79.53919,1023.18335
2019-01-22,-5.8374996,-1.3,-9.6,0.0,11.165805,103.64597,70.561165,1016.99585
2019-01-23,-5.0604167,-2.75,-7.7,0.0,19.416653,82.39777,76.39016,1007.71674
2019-01-24,-5.475,-4.45,-5.9,1.0,21.868332,73.787125,67.73589,1010.66656
2019-01-25,-5.1562505,-3.55,-6.3,2.0,20.774214,322.5284,68.43826,1012.94165
2019-01-26,-2.7749999,0.25,-6.05,0.6,18.556595,245.66039,71.0436,1008.8667
2019-01-27,1.4645834,5.95,-0.95,0.0,17.811815,195.56416,74.5629,1000.31665
2019-01-28,0.27916667,1.45,-2.1,4.7999997,14.759999,246.0051,90.45978,996.3291
2019-01-29,0.4333334,3.65,-2.4,0.5,23.535301,250.42021,85.00303,1004.0127
2019-01-30,0.0020833437,2.6,-2.0,0.1,10.787993,68.09542,87.08615,1004.7666
2019-01-31,-0.44166663,4.0,-4.55,0.5,9.983106,255.44637,82.14211,1004.3835
2019-02-01,0.28541645,6.85,-4.95,0.0,13.1041975,119.92844,73.92861,1003.7417
2019-02-02,7.2729173,12.05,3.3,0.8,23.686249,136.76688,75.59002,999.87085
2019-02-03,5.5625,9.0,1.95,6.2,20.008356,249.14546,91.286095,1006.4126
2019-02-04,0.69166666,1.8,-0.7,3.8999999,25.764534,271.94806,87.86279,1025.7294
2019-02-05,-0.17708333,3.9,-3.9,0.0,14.618837,244.49313,85.31568,1029.7665
2019-02-06,-0.38749996,2.8,-4.15,0.0,14.759999,249.61507,76.27222,1029.7292
2019-02-07,-0.6541665,7.1,-4.5,0.0,14.693999,207.8293,67.646385,1020.90015
2019-02-08,0.98125005,6.35,-3.0,0.0,14.917212,250.17458,72.52398,1020.3416
2019-02-09,2.3833334,9.2,-2.9,0.0,25.318008,218.37735,69.92881,1015.79175
2019-02-10,5.6749997,11.15,2.0,0.0,17.727943,209.06842,69.84567,1010.92084
2019-02-11,4.8500004,7.3,2.0,2.4999995,33.87062,257.1736,76.59542,1004.0332
2019-02-12,1.2604167,2.75,-0.2,0.90000004,30.04221,298.32388,73.0466,1020.5166
2019-02-13,1.4812499,4.75,-2.1,0.6,29.257614,259.57788,78.852486,1030.8208
2019-02-14,5.7687497,7.7,4.35,1.1000001,24.693481,276.8906,85.025406,1033.5416
2019-02-15,5.322917,8.05,2.05,0.5,15.517629,258.36374,86.51456,1033.5417
2019-02-16,3.939583,11.25,-0.15,0.0,13.493999,253.35486,72.74923,1029.9791
2019-02-17,5.1041665,13.0,0.9,0.0,17.313717,253.54146,68.12221,1026.2083
2019-02-18,3.208334,12.2,-2.1,0.0,7.5685663,214.55585,76.24869,1023.36255
2019-02-19,3.9229162,13.15,-2.3,0.0,19.201874,249.1118,70.55342,1017.875
2019-02-20,4.929167,8.25,3.0,1.1,27.333935,271.25443,77.25274,1020.60425
2019-02-21,5.2791667,9.7,2.0,4.2,23.759998,264.3583,74.91485,1024.0168
2019-02-22,0.33958307,5.35,-5.4,6.0,27.210379,17.004047,64.86819,1029.8876
2019-02-23,-4.308333,-0.9,-6.85,0.0,13.854155,39.84144,51.04039,1044.3541
2019-02-24,-1.0875,2.0,-5.7,0.4,18.289274,254.57294,50.25781,1039.5958
2019-02-25,3.6895835,9.45,-1.45,0.0,23.266697,256.63977,58.96915,1034.0707
2019-02-26,5.4520836,10.6,2.05,0.0,25.925,287.38602,73.66133,1027.2708
2019-02-27,4.195833,9.2,-0.5,0.0,20.240196,271.40915,72.913956,1025.9249
2019-02-28,8.374999,14.45,3.8,0.0,34.875435,271.45697,55.010937,1009.51245
2019-03-01,4.9604163,9.05,1.1,0.1,19.602652,286.2874,76.54818,1009.60425
2019-03-02,0.48750004,4.2,-3.3,0.0,12.181625,293.13293,73.9075,1016.4875
2019-03-03,5.1625,9.85,-1.15,0.0,29.308508,236.0992,71.34283,1013.2498
2019-03-04,11.341667,16.95,7.0,0.9,27.804028,237.38672,57.38445,1001.32916
2019-03-05,6.829168,9.4,4.0,1.8000002,39.70459,258.29358,62.731434,1004.25
2019-03-06,5.277084,10.2,2.4,0.2,22.101183,250.57642,65.38097,1014.87915
2019-03-07,8.858335,15.6,1.85,0.4,23.557316,199.21413,63.04234,1005.65826
2019-03-08,10.035417,14.0,7.45,0.0,32.28981,247.1958,59.2222,1010.9167
2019-03-09,7.799999,11.85,3.8,1.4000001,36.16701,239.9453,64.23623,1013.7209
2019-03-10,6.879167,9.9,3.65,8.5,42.150757,254.21565,67.59377,1006.3499
2019-03-11,4.7354164,8.6,0.65,3.1,59.40109,268.03534,67.65674,1008.6541
2019-03-12,2.35625,5.15,0.35,1.7,25.284714,272.47577,72.049355,1018.85425
2019-03-13,3.7291667,8.1,-1.75,0.5,23.18579,215.87459,60.466965,1011.3999
2019-03-14,5.308333,8.2,2.75,0.3,26.882141,232.73433,67.32229,1006.5542
2019-03-15,6.4520836,9.15,4.0,3.5999997,30.096085,249.3441,69.11229,1001.75836
2019-03-16,7.1104164,9.3,5.4,4.799999,39.18712,270.59677,65.9173,1005.39594
2019-03-17,12.047916,19.65,5.9,0.4,25.729298,227.1828,59.3802,1006.0667
2019-03-18,6.9958324,12.6,2.9,2.4999998,20.176065,261.35825,71.037926,1012.79175
2019-03-19,3.8770835,7.55,0.1,0.0,18.331741,278.501,64.580986,1024.3917
2019-03-20,3.4645834,8.0,-1.1,0.0,11.440978,261.2377,67.413414,1033.05
2019-03-21,5.5291667,10.3,-0.05,0.0,18.751125,259.44397,68.04078,1034.3668
2019-03-22,8.708334,12.9,4.55,0.1,12.605142,272.57327,82.02648,1032.5626
2019-03-23,9.216666,15.55,3.85,0.0,9.3876505,107.93908,81.43433,1027.9125
2019-03-24,8.793751,12.05,7.0,0.6,13.910169,300.58575,75.999794,1022.825
2019-03-25,6.052084,9.3,2.8,3.3999999,23.838959,284.6118,79.29833,1013.8125
2019-03-26,4.204167,7.85,2.1,2.6000001,35.42846,287.02948,74.28522,1020.28754
2019-03-27,3.5145833,8.3,-1.8,0.2,15.646544,280.19928,66.43388,1028.1
2019-03-28,5.8958335,9.25,3.45,2.0,19.469976,261.9362,82.02647,1030.6875
2019-03-29,6.4791665,11.95,1.6,0.0,15.328561,264.55975,77.65306,1032.2042
2019-03-30,8.452083,15.4,2.8,0.0,7.42159,218.65979,76.016716,1025.6041
2019-03-31,10.402083,17.95,3.75,0.0,14.84318,284.1622,64.79328,1019.58746
2019-04-01,6.512499,10.2,2.9,0.0,19.592731,58.30472,53.920223,1025.6791
2019-04-02,6.9499993,14.7,0.6,0.0,25.20257,92.88222,50.22542,1020.74585
2019-04-03,9.991666,19.4,1.55,0.0,13.450708,99.771675,62.650394,1011.6125
2019-04-04,11.627084,19.05,4.3,0.3,20.523157,133.25677,57.82985,1007.1584
2019-04-05,13.241665,20.2,8.05,0.0,13.104198,106.03126,55.025085,1007.20825
2019-04-06,10.520834,16.05,7.45,6.0,18.971008,100.73074,72.79661,1008.34576
2019-04-07,9.610416,14.9,5.1,0.0,16.575644,259.72668,76.53713,1008.37085
2019-04-08,11.0125,17.2,3.55,0.0,11.4862,73.300674,73.51558,1008.3916
2019-04-09,11.675,17.0,6.85,0.0,17.49615,47.244625,62.02603,1009.04584
2019-04-10,6.6041675,10.35,4.35,0.2,19.319628,62.358944,62.598537,1013.8083
2019-04-11,4.375,5.9,3.15,0.6,17.377226,49.61488,76.93687,1018.5459
2019-04-12,2.4875,3.85,1.35,4.1000004,21.470612,59.07828,86.79718,1021.7334
2019-04-13,3.7895832,5.9,1.3,3.3999999,14.372974,61.732384,88.53262,1020.5374
2019-04-14,7.85,13.6,2.7,0.0,22.38378,72.33806,60.889812,1020.23334
2019-04-15,5.8958335,11.35,0.0,0.0,16.58346,64.12206,53.95283,1024.5833
2019-04-16,6.160417,12.75,-1.6,0.1,18.861387,67.650986,57.077343,1024.0624
2019-04-17,8.908334,14.75,4.3,0.0,11.609651,55.51116,68.99322,1025.2916
2019-04-18,10.445833,17.45,3.05,0.0,18.0,85.708626,62.61005,1029.6334
2019-04-19,11.722917,19.3,4.5,0.0,15.277749,53.486187,54.504055,1030.6708
2019-04-20,12.670834,20.2,3.7,0.0,16.055355,291.88077,45.807343,1027.9584
2019-04-21,11.672916,18.5,4.6,0.0,13.527572,300.16492,50.03502,1022.0876
2019-04-22,11.506249,16.4,6.7,1.9000001,24.023088,101.24939,60.989426,1017.64594
2019-04-23,12.047917,17.5,7.3,0.0,29.162222,112.60404,57.765488,1017.19995
2019-04-24,14.270832,19.4,9.8,0.9,22.961115,122.08616,61.432663,1015.4832
2019-04-25,17.80625,25.15,10.5,0.0,17.148247,181.74152,59.195892,1014.4334
2019-04-26,19.4375,26.85,10.65,0.0,16.981165,196.07674,50.995045,1010.70844
2019-04-27,13.729165,15.95,11.5,2.3,23.039999,272.30203,72.28605,1011.425
2019-04-28,10.191667,11.05,9.15,30.3,22.104116,283.06332,90.269104,1013.33746
2019-04-29,10.3875,12.4,8.55,13.200002,17.294992,266.54602,89.92104,1011.8542
2019-04-30,11.016666,13.45,9.6,14.900002,17.414474,29.581184,92.25326,1010.56665
2019-05-01,12.152085,17.0,7.6,0.5,21.817902,291.98044,67.53745,1008.47076
2019-05-02,13.602084,18.55,9.6,1.8000001,30.453527,265.93372,70.59238,1005.66254
2019-05-03,10.485417,14.05,7.85,3.3000002,17.447933,277.25497,78.94158,1006.41254
2019-05-04,9.789583,14.6,3.85,0.0,12.522619,217.6263,72.99336,1006.82916
2019-05-05,6.4416676,9.45,3.8,5.0,15.696165,333.26797,80.44114,1010.46674
2019-05-06,7.4624996,10.25,5.5,0.4,17.902534,349.44025,54.903137,1013.0959
2019-05-07,8.477084,12.25,4.9,0.4,19.201874,316.31177,60.523315,1016.25433
2019-05-08,9.422917,14.9,2.0,0.0,11.966954,149.2571,65.765045,1015.2541
2019-05-09,9.270835,11.55,5.2,8.900001,15.315873,128.42897,81.4347,1005.9958
2019-05-10,12.077084,16.9,7.55,2.1000001,16.75064,257.34564,81.152306,1007.6209
2019-05-11,13.3625,18.1,7.85,0.8000001,13.138765,256.21838,69.30933,1012.9124
2019-05-12,13.056249,18.7,8.9,6.8,21.986542,268.09085,80.68121,1018.7251
2019-05-13,8.422917,10.5,6.75,2.6999998,16.09969,323.93417,74.424805,1029.6918
2019-05-14,6.279167,6.85,5.6,15.600001,16.981165,18.301497,87.681274,1025.8042
2019-05-15,9.181251,11.85,6.55,10.500002,13.276144,8.253168,91.35156,1017.1167
2019-05-16,12.179165,17.15,7.15,1.0,16.981165,63.435043,83.17985,1013.825
2019-05-17,14.0,18.2,9.35,9.0,8.854829,296.98004,86.0951,1011.82935
2019-05-18,15.539582,21.2,9.3,0.0,8.891343,204.77507,76.76516,1010.39166
2019-05-19,16.78125,22.15,10.6,1.8000001,15.941944,109.925674,77.29427,1006.66235
2019-05-20,17.20625,22.5,11.85,2.0,16.610792,142.28107,73.74166,1003.86664
2019-05-21,13.90625,16.25,10.5,17.9,29.204409,242.983,82.24559,1003.75415
2019-05-22,13.954169,16.3,12.5,25.000004,30.376833,272.19077,85.90097,1003.9417
2019-05-23,13.247916,15.4,11.85,33.2,23.177402,287.0944,92.00027,1011.5374
2019-05-24,13.575,16.2,11.4,8.099999,16.263872,273.23093,85.63056,1013.8167
2019-05-25,15.541668,20.55,9.8,0.0,14.205182,268.04266,73.72653,1013.1458
2019-05-26,16.6125,21.55,12.1,0.7,15.188415,256.53616,78.153755,1014.05005
2019-05-27,18.991667,23.6,13.5,5.4,12.10157,220.61719,73.250404,1010.85425
2019-05-28,17.779165,20.7,14.7,3.3999999,11.659777,216.78424,81.68279,1005.4333
2019-05-29,12.9875,14.6,11.6,2.9,15.725037,323.00983,83.9478,1013.8333
2019-05-30,10.531251,11.7,9.45,10.3,11.966953,339.39667,78.00722,1023.54596
2019-05-31,14.656251,20.1,9.55,1.6,11.113451,256.3685,71.226616,1023.821
2019-06-01,17.522919,22.85,11.15,0.1,11.304229,49.763927,78.26726,1021.4792
2019-06-02,19.304165,24.25,13.1,0.0,8.435069,58.18301,75.91037,1019.30426
2019-06-03,19.608332,24.4,13.8,0.0,17.811815,92.96408,74.31595,1017.75824
2019-06-04,19.916666,25.75,13.65,0.1,17.076298,89.36256,78.37019,1014.18335
2019-06-05,20.112497,24.3,15.8,0.6,20.478907,91.19597,79.388535,1011.3874
2019-06-06,19.366667,23.75,13.4,1.4000001,14.021525,129.06134,73.62352,1011.6875
2019-06-07,19.635416,24.0,15.2,3.9999998,8.209263,186.6744,81.041565,1014.5207
2019-06-08,20.902082,27.0,15.65,0.1,23.377836,260.6705,74.2835,1018.2417
2019-06-09,19.933332,25.3,14.7,0.0,16.454008,100.62976,68.97395,1024.7042
2019-06-10,23.210419,30.45,17.4,0.0,12.758432,102.2137,71.84199,1017.27924
2019-06-11,24.31042,30.7,18.55,0.1,14.693999,127.07548,62.046513,1013.37915
2019-06-12,24.110418,31.5,17.65,0.6,15.815435,153.31581,66.468376,1012.6252
2019-06-13,24.527084,31.05,17.35,0.0,14.512064,152.06667,66.55294,1013.3125
2019-06-14,23.066666,28.1,18.75,4.6000004,10.195057,212.57399,80.23327,1017.6667
2019-06-15,25.285416,31.85,18.15,0.0,15.745627,92.4161,75.03556,1013.99994
2019-06-16,22.875,27.5,18.8,0.2,16.923828,271.32507,75.131996,1015.14575
2019-06-17,19.189583,21.7,16.85,0.70000005,12.641076,82.53954,72.271935,1020.50415
2019-06-18,19.604168,23.9,14.9,0.3,18.03237,82.306076,77.74079,1018.65424
2019-06-19,22.214584,26.7,17.05,0.1,14.917212,142.51634,77.608505,1013.4167
2019-06-20,21.239584,25.7,18.95,11.2,12.261158,221.57054,78.62643,1011.74994
2019-06-21,21.302082,25.15,18.35,6.8999996,17.193533,256.51404,80.58646,1014.68744
2019-06-22,19.939585,23.45,17.25,6.8999996,15.042659,47.703,84.68175,1019.3833
2019-06-23,20.495832,24.8,16.65,0.4,23.993399,55.865635,68.28028,1018.9124
2019-06-24,21.179163,25.3,17.0,0.0,20.929596,71.83186,66.39629,1022.75
2019-06-25,23.87292,29.6,17.75,0.0,16.808569,98.615555,74.40158,1024.475
2019-06-26,26.416664,32.2,19.95,0.0,15.137133,247.57697,67.90176,1022.0207
2019-06-27,24.412498,28.25,18.95,2.3,25.49908,292.27304,56.16332,1017.3042
2019-06-28,18.866665,22.15,14.8,0.5,17.429354,324.12717,61.216187,1020.19165
2019-06-29,20.34375,26.3,15.05,0.0,19.48661,266.76822,56.054844,1020.6667
2019-06-30,24.060417,31.1,16.25,0.0,15.281989,252.33226,59.785023,1017.1667
2019-07-01,25.624998,33.3,20.15,0.0,36.145508,260.19757,58.966587,1013.1042
2019-07-02,22.227083,25.45,17.8,0.0,21.178896,284.36084,61.307262,1015.18317
2019-07-03,18.24375,21.45,14.6,0.0,20.545246,280.0315,49.116352,1019.32495
2019-07-04,16.712498,21.8,11.0,0.0,17.015474,261.93765,54.480343,1020.79584
2019-07-05,18.429169,23.75,11.75,0.0,24.633049,272.8726,55.161514,1014.38745
2019-07-06,21.535416,26.9,15.75,0.0,23.266697,254.26218,53.95711,1010.0293
2019-07-07,19.614584,24.15,15.1,3.1,19.523155,273.56113,64.538994,1006.89575
2019-07-08,15.958332,18.5,13.0,0.0,23.491207,281.75323,49.820744,1013.26666
2019-07-09,15.660416,19.3,10.9,0.2,22.702845,270.8295,54.952213,1014.3083
2019-07-10,15.504166,19.2,12.75,2.0,27.288855,278.32556,61.66804,1013.85834
2019-07-11,14.991668,19.55,12.2,5.7999997,20.598795,281.03528,71.15444,1012.5999
2019-07-12,17.481249,23.35,10.05,0.0,14.830076,253.7579,61.39644,1011.10834
2019-07-13,16.814585,20.75,14.15,7.7999997,9.83268,269.31793,82.652245,1009.58344
2019-07-14,16.287498,19.25,14.0,22.699999,14.707222,296.68002,84.00728,1011.70416
2019-07-15,17.247915,22.3,12.2,0.0,16.323528,288.40076,65.049614,1013.3208
2019-07-16,16.645834,21.45,12.45,0.1,23.838959,275.50534,70.20338,1013.01654
2019-07-17,16.993752,20.6,13.25,0.6,24.606731,279.63138,65.353836,1012.4375
2019-07-18,17.687502,22.65,12.2,0.0,13.281023,217.14308,65.32145,1013.2668
2019-07-19,19.954168,26.4,12.05,0.0,16.87398,247.19208,65.85958,1014.825
2019-07-20,21.210417,26.9,16.1,0.6,10.44,232.13614,70.64203,1016.76263
2019-07-21,20.895834,27.35,17.9,16.999998,15.496736,241.91219,81.591354,1017.84595
2019-07-22,20.7875,24.95,16.95,1.1,14.689589,268.46057,74.642975,1021.6208
2019-07-23,18.606253,20.1,17.4,1.9000001,13.276144,280.0974,83.0921,1020.2
2019-07-24,19.90833,23.05,17.3,5.2,13.392774,274.2363,84.51828,1018.63745
2019-07-25,21.456251,26.9,15.0,0.0,6.830519,161.2413,71.22587,1018.35425
2019-07-26,21.775,27.3,17.75,0.70000005,12.287555,138.33638,69.14079,1011.68335
2019-07-27,20.666666,25.9,15.35,8.599999,17.373497,94.9055,78.75868,1006.5625
2019-07-28,22.856249,30.6,16.45,0.3,14.494192,105.36434,75.56588,1003.50824
2019-07-29,24.24375,30.3,19.05,0.90000004,10.440001,269.6485,72.10613,1005.04987
2019-07-30,23.677086,28.7,19.5,5.6000004,22.9724,267.02713,79.025475,1007.6833
2019-07-31,21.191666,23.75,19.4,21.900002,16.62249,266.85892,88.78962,1012.0583
2019-08-01,20.174997,23.65,17.4,6.2,17.25373,270.8138,84.00764,1014.6292
2019-08-02,19.460415,23.4,15.15,0.3,12.72283,284.2068,72.37302,1013.19574
2019-08-03,17.627085,21.8,13.95,5.2999997,11.988594,307.8955,78.24158,1011.16656
2019-08-04,17.645834,21.75,13.35,2.0,16.700275,271.05933,74.883766,1013.91656
2019-08-05,19.347918,24.2,14.4,0.4,17.935081,261.48032,69.541374,1013.55005
2019-08-06,21.55625,27.0,16.75,3.2,15.546833,241.97978,71.02342,1011.9416
2019-08-07,21.583334,24.85,17.95,17.999998,12.984975,207.81992,79.935135,1009.26263
2019-08-08,20.416666,23.4,17.3,10.800002,24.122683,262.5458,76.485374,1010.92096
2019-08-09,21.047915,25.75,16.55,0.0,16.199999,253.99663,67.77474,1013.9585
2019-08-10,22.377083,29.3,15.85,6.0000005,21.41319,230.4565,74.80283,1014.0334
2019-08-11,21.229168,25.25,17.45,5.7,13.039754,250.7023,73.65213,1017.86255
2019-08-12,23.195831,28.1,17.45,1.2,9.007196,244.75941,75.977005,1013.45416
2019-08-13,19.768751,22.5,17.7,13.8,16.595179,277.7446,81.01809,1015.0042
2019-08-14,16.054167,18.6,13.25,14.2,17.654688,298.4519,83.27482,1015.8083
2019-08-15,16.454165,21.65,10.6,0.0,10.587918,164.49493,69.05052,1016.64594
2019-08-16,17.081251,21.6,12.05,0.7,13.339445,245.24843,74.31905,1015.6125
2019-08-17,18.308332,22.9,14.0,0.6,7.729527,242.35411,78.82724,1016.24176
2019-08-18,21.870832,26.8,16.1,0.0,18.782204,221.11198,66.09228,1012.72906
2019-08-19,23.733332,30.05,17.75,0.4,10.144082,272.74252,65.98327,1015.0583
2019-08-20,21.391668,25.5,18.1,5.7999997,15.94601,68.061485,84.66156,1020.3459
2019-08-21,18.25625,20.4,14.9,4.4,25.86494,298.67584,85.10336,1023.54156
2019-08-22,16.733334,21.05,13.15,0.0,21.96295,88.34177,78.74235,1027.9
2019-08-23,18.55625,23.5,13.65,0.0,17.698677,88.54015,77.94904,1026.4541
2019-08-24,19.804167,25.4,14.7,0.0,17.106628,83.765656,73.88893,1024.4
2019-08-25,20.566666,27.2,14.65,0.0,12.758432,86.40287,76.84773,1022.32086
2019-08-26,22.689583,29.45,17.0,0.5,13.1041975,98.206116,80.663666,1021.1751
2019-08-27,23.077082,30.15,17.2,0.2,16.135872,120.46552,75.29569,1020.3166
2019-08-28,23.354166,29.3,18.1,0.2,12.904882,154.81715,73.38798,1019.24994
2019-08-29,24.437506,30.5,18.8,0.2,10.182337,202.67471,65.72927,1018.0791
2019-08-30,23.097918,27.95,19.3,0.90000004,16.454008,258.5563,73.0182,1021.13745
2019-08-31,22.610418,28.25,17.15,0.0,17.654688,92.431854,75.15122,1019.8709
2019-09-01,23.397919,29.95,16.55,0.0,17.31746,127.93659,67.84444,1013.196
2019-09-02,19.085415,22.7,14.7,16.599998,22.380884,303.37698,83.211716,1015.7708
2019-09-03,15.383332,18.55,13.25,7.4000006,11.435313,300.47906,78.51057,1022.59155
2019-09-04,16.22083,21.5,10.7,0.0,9.673221,227.42378,66.58557,1020.3791
2019-09-05,17.749998,23.85,10.55,0.0,10.829959,226.11693,67.65758,1015.0666
2019-09-06,17.118753,19.85,13.65,0.4,10.483357,356.93353,66.06177,1021.65405
2019-09-07,16.583334,22.2,12.55,4.9,15.042659,84.336395,77.95808,1017.75415
2019-09-08,16.75625,20.4,14.05,18.500002,10.739833,13.627037,86.56763,1016.60016
2019-09-09,17.489584,23.65,13.4,45.2,22.682856,132.06818,79.584435,1011.825
2019-09-10,15.133332,19.2,12.1,0.0,20.945072,232.22926,69.93815,1018.2542
2019-09-11,15.689586,21.5,8.75,0.0,9.693296,96.182816,73.37889,1023.80835
2019-09-12,16.504168,22.85,11.2,0.0,12.605142,254.33417,75.5898,1027.2709
2019-09-13,17.24375,22.7,11.4,0.0,18.03237,262.38925,75.557,1028.3209
2019-09-14,14.287501,17.1,10.1,0.0,13.237038,304.12418,72.00567,1031.3168
2019-09-15,14.027083,20.55,6.9,0.0,20.523157,243.56956,69.5258,1024.4584
2019-09-16,15.885418,19.5,13.35,3.5,19.469976,267.25385,75.28534,1016.9041
2019-09-17,13.652083,16.05,11.8,4.7,29.947151,272.86502,76.92991,1013.44995
2019-09-18,10.520833,13.45,8.15,0.3,32.219494,277.3056,62.109234,1018.1958
2019-09-19,9.456249,12.8,7.0,1.1,21.261345,272.77014,73.64997,1024.1376
2019-09-20,9.375,13.9,5.65,0.1,20.833395,263.68857,76.469666,1026.9916
2019-09-21,11.3875,17.05,6.55,0.0,15.273505,254.00935,69.95143,1025.2748
2019-09-22,12.818749,19.9,6.05,0.0,11.435313,173.58133,72.27775,1018.9334
2019-09-23,12.710416,18.7,6.1,0.0,12.979984,90.80131,76.361305,1015.28754
2019-09-24,12.095833,17.75,8.9,0.0,18.175545,86.31279,84.801674,1015.3125
2019-09-25,12.552085,19.0,7.2,4.7000003,12.10157,163.49554,87.64863,1009.5334
2019-09-26,14.579167,17.95,12.25,0.5,17.643673,262.36676,84.37249,1011.70416
2019-09-27,15.408334,20.85,10.25,0.0,14.039999,223.91573,79.58314,1014.9167
2019-09-28,15.641667,18.4,12.95,1.8000001,22.68,256.2357,78.4543,1014.20416
2019-09-29,15.714583,19.75,12.35,0.0,28.119204,240.72615,68.806786,1011.3123
2019-09-30,17.489586,19.7,14.4,1.0000001,47.169617,252.10376,57.90195,1002.28345
2019-10-01,15.739583,20.4,10.85,0.0,25.264202,238.80257,59.909855,1009.0334
2019-10-02,15.927082,21.0,11.05,6.8999996,18.448023,265.10352,75.26626,1003.3833
2019-10-03,9.6375,12.25,7.8,4.2,16.93531,281.5545,78.74975,1012.0125
2019-10-04,9.202083,12.25,7.1,0.0,15.226764,258.43582,77.562775,1013.42926
2019-10-05,8.535417,10.55,6.95,7.500001,19.681828,72.542206,85.54565,1008.8249
2019-10-06,6.3812504,8.95,3.3,1.3000001,19.0392,18.243862,76.55137,1018.0
2019-10-07,4.6854167,8.85,-0.2,0.0,9.904906,143.68625,63.983963,1020.14594
2019-10-08,7.31875,13.25,-0.05,0.2,21.94524,215.17336,58.626408,1016.58325
2019-10-09,11.820834,15.15,9.6,16.4,14.84318,261.2644,81.992355,1011.33325
2019-10-10,11.858334,15.15,9.15,5.4,33.145424,256.7617,72.120125,1012.76245
2019-10-11,11.493751,15.75,8.05,0.0,26.208395,241.91866,69.40128,1020.2
2019-10-12,15.239586,22.05,10.95,0.0,19.881649,248.34303,61.181026,1016.9292
2019-10-13,14.058334,21.6,8.2,0.0,9.904906,230.63068,75.92952,1019.0374
2019-10-14,14.3,21.95,8.75,0.0,11.183201,197.98735,79.69364,1018.63324
2019-10-15,13.570832,21.5,8.0,0.0,11.013882,140.40382,81.152405,1013.26666
2019-10-16,14.958335,20.0,9.05,0.0,26.700743,235.01346,72.506035,1013.06665
2019-10-17,12.083333,19.1,6.65,0.0,10.703569,198.24382,76.55655,1018.12085
2019-10-18,13.04375,20.45,7.15,0.0,10.233123,226.78429,75.2933,1015.45825
2019-10-19,12.785416,18.25,7.65,0.1,10.829958,205.21004,79.88779,1014.7292
2019-10-20,14.9020815,22.55,9.35,0.0,12.641076,149.83861,76.10502,1015.12915
2019-10-21,15.077084,22.05,10.1,0.0,13.138765,165.77127,75.1372,1018.5125
2019-10-22,14.314583,21.0,8.95,0.0,8.942214,239.95676,83.25674,1022.67914
2019-10-23,12.939583,17.55,9.05,0.0,11.966954,93.257126,90.89584,1021.18756
2019-10-24,14.254165,20.4,7.1,0.0,13.979871,122.39722,75.40252,1014.5999
2019-10-25,12.625001,18.9,7.8,0.0,15.941944,249.92838,74.928825,1019.2583
2019-10-26,11.9375,19.3,6.8,0.0,9.178235,220.89894,83.951065,1021.6958
2019-10-27,13.754166,21.15,8.35,0.0,24.336637,253.32808,72.40414,1016.79987
2019-10-28,8.979168,11.55,5.75,1.6999999,17.076298,272.39493,79.65144,1019.8958
2019-10-29,5.88125,9.25,3.6,0.90000004,11.928989,269.63815,86.47517,1022.0417
2019-10-30,4.2312503,7.15,1.0,0.0,12.181625,32.455643,79.85353,1028.8375
2019-10-31,1.8395834,6.25,-1.6,0.0,10.829958,90.34001,81.71856,1028.5499
2019-11-01,1.6354169,7.35,-2.4,0.0,13.281023,127.89457,75.17721,1022.1375
2019-11-02,5.7749996,11.45,-0.35,0.1,11.966953,194.49232,76.05785,1005.6125
2019-11-03,10.45625,18.8,3.8,0.0,19.809813,139.32022,80.54273,997.35406
2019-11-04,12.331248,15.1,9.15,3.6000001,18.0,226.83537,81.30932,993.5874
2019-11-05,9.814584,13.0,7.65,10.0,17.581125,230.25261,84.59675,999.0168
2019-11-06,8.329167,11.5,5.05,2.6000001,20.082708,254.53395,83.83836,1002.64594
2019-11-07,6.9937496,11.35,3.85,0.0,10.1887,199.06638,79.7954,1007.8542
2019-11-08,5.6062493,10.5,2.0,0.0,11.874544,90.540474,87.32975,1010.4334
2019-11-09,7.4166665,11.65,3.05,0.6,17.771753,251.38126,87.16113,1008.8792
2019-11-10,6.416666,7.2,4.95,16.3,12.475961,356.12152,92.40383,1012.66254
2019-11-11,5.225,8.8,1.2,2.3999999,12.387348,220.30492,86.60795,1016.36255
2019-11-12,7.2312503,12.55,1.25,2.1,17.22742,103.994514,83.22865,1009.8584
2019-11-13,10.8875,15.9,6.95,2.0,17.651016,110.36325,88.445305,1001.9333
2019-11-14,5.0625,7.45,3.5,1.5000001,20.523155,345.2964,89.91038,1012.1958
2019-11-15,7.8500004,11.8,5.55,0.0,11.620809,85.36745,93.74726,1012.40845
2019-11-16,10.568749,17.0,6.05,0.3,19.13426,145.35397,80.76609,1012.88324
2019-11-17,10.6875,17.05,4.75,0.1,17.873556,99.26699,78.95619,1015.5376
2019-11-18,10.599999,15.75,7.2,0.0,14.118243,113.27029,76.39908,1011.94165
2019-11-19,7.404167,12.7,3.2,0.0,12.303366,134.18457,78.70052,1020.68744
2019-11-20,6.1041665,11.1,1.7,0.0,19.9954,81.549934,91.45423,1018.66254
2019-11-21,8.14375,10.6,5.6,1.8000001,21.175835,97.93378,91.03623,1014.6043
2019-11-22,7.8458333,11.95,3.4,0.6,16.854767,79.42445,89.07032,1016.67505
2019-11-23,4.435416,9.25,1.0,0.0,10.661107,80.74604,91.03336,1015.7834
2019-11-24,3.8416665,8.8,0.3,0.0,11.525623,75.46551,91.33907,1014.63324
2019-11-25,4.7895827,7.6,2.4,0.0,8.825508,66.93238,93.59201,1014.38354
2019-11-26,4.03125,6.65,2.35,0.0,10.853866,83.79154,93.904854,1013.10406
2019-11-27,6.329167,10.75,2.85,0.3,9.360001,103.09189,87.42411,1005.48737
2019-11-28,7.0312505,11.05,2.85,0.2,9.360001,207.05309,86.6905,1000.8167
2019-11-29,7.5020833,10.2,3.4,1.6,28.277763,250.90143,78.636925,1002.39996
2019-11-30,1.9437499,4.05,-2.1,0.6,26.282465,283.29007,72.23246,1018.3584
2019-12-01,-0.06666661,3.9,-2.45,0.0,11.304229,239.88084,77.45501,1024.6915
2019-12-02,0.94583327,2.2,-1.7,1.1,22.505037,256.34235,72.143166,1019.14594
2019-12-03,0.42708325,2.4,-2.9,1.3000002,23.377836,277.28882,82.51405,1025.4043
2019-12-04,-0.6604168,3.3,-3.8,0.0,14.4,239.78601,63.955425,1028.2084
2019-12-05,-1.4062499,3.65,-4.15,0.0,15.158522,262.212,66.971886,1025.7167
2019-12-06,-1.1062499,4.6,-4.1,0.0,15.856356,247.96793,68.32254,1019.3376
2019-12-07,1.8145834,5.75,-2.6,0.2,25.323128,248.89503,75.35182,1012.846
2019-12-08,5.5208335,8.4,3.15,0.0,21.533897,236.91835,74.70661,1012.0166
2019-12-09,5.2416663,9.0,0.05,2.6,18.089775,244.10715,80.32721,1006.18335
2019-12-10,2.033333,4.85,-0.95,0.0,20.774214,274.08554,84.8598,1017.66254
2019-12-11,-2.3541667,1.7,-5.05,0.0,10.8955765,116.42924,88.92823,1020.58344
2019-12-12,-0.38750008,5.35,-4.35,0.0,8.766573,74.41904,74.657326,1008.3542
2019-12-13,1.9958334,6.7,-0.95,0.4,15.546833,117.08217,88.46711,994.125
2019-12-14,3.8604164,7.8,-0.2,1.0000001,30.853073,221.00092,80.1353,996.35834
2019-12-15,7.272917,10.55,4.25,1.5,28.185953,239.00269,65.74791,1007.6584
2019-12-16,6.5708337,9.8,3.1,0.0,18.430452,212.43013,81.21872,1015.2166
2019-12-17,5.954167,12.05,1.15,0.0,11.503113,204.33536,83.289024,1012.7624
2019-12-18,8.28125,14.0,3.7,0.2,17.610588,250.3206,83.029396,1017.6167
2019-12-19,3.947917,7.65,0.95,0.0,13.397612,98.33897,92.29977,1023.16675
2019-12-20,7.858333,13.15,2.05,0.0,21.829777,145.27866,76.59022,1008.07495
2019-12-21,9.837501,13.55,4.45,6.2999997,24.482647,220.49501,77.27031,995.99164
2019-12-22,6.4750004,8.35,2.05,4.5999994,23.871555,262.1999,92.22537,990.3083
2019-12-23,4.808334,5.75,3.2,18.900002,19.85556,308.15234,93.946014,997.1084
2019-12-24,5.0458326,6.45,1.9,4.2999997,25.77962,293.42255,87.12147,1009.63336
2019-12-25,3.1541665,4.7,0.7,3.4000003,14.05845,259.46616,92.39083,1011.03754
2019-12-26,2.989583,4.1,2.1,2.8000002,20.172853,288.67932,91.1377,1019.9792
2019-12-27,1.8083335,3.2,0.65,3.9,17.826363,293.14484,92.00651,1023.2417
2019-12-28,0.089583285,0.85,-1.2,0.6,21.9718,337.97638,74.85987,1032.5126
2019-12-29,-1.7666668,-1.05,-4.55,0.1,14.081478,347.07996,71.103226,1039.025
2019-12-30,0.45208332,4.0,-3.95,0.0,18.709612,244.3619,57.661846,1034.4042
2019-12-31,4.44375,6.25,2.65,0.2,34.38895,264.44565,62.03677,1024.8749
2020-01-01,2.3791668,4.1,-0.8,0.1,20.418695,270.70416,82.220505,1032.3083
2020-01-02,-0.087499954,5.85,-4.15,0.0,18.59845,249.59596,54.735073,1030.0958
2020-01-03,-0.029166723,6.55,-4.5,0.0,18.775301,250.122,64.35988,1024.0083
2020-01-04,2.8687496,4.4,1.2,1.9,29.775719,259.95248,83.8355,1018.2583
2020-01-05,-0.03125004,1.85,-3.6,0.6,27.36947,307.26004,76.25196,1027.4082
2020-01-06,-0.9020834,1.5,-3.6,0.0,12.57426,243.70255,68.448265,1032.3083
2020-01-07,-1.622917,3.25,-5.4,0.0,15.629972,244.30153,69.021355,1027.5209
2020-01-08,2.1020832,5.8,-0.25,2.1,19.592731,244.87332,77.937584,1029.0541
2020-01-09,3.445833,5.9,2.2,9.100001,13.684735,238.63147,90.93371,1023.77515
2020-01-10,3.46875,7.0,1.05,0.0,19.917469,257.9244,79.331505,1019.2209
2020-01-11,4.1416664,4.95,3.2,0.3,24.187069,265.46896,86.81858,1027.5251
2020-01-12,2.6625001,6.6,0.3,0.0,14.84318,241.8533,82.35402,1027.85
2020-01-13,2.654167,5.8,-0.65,0.0,19.483284,256.9113,77.82191,1024.475
2020-01-14,1.2437502,5.35,-1.25,0.0,10.829959,259.50854,84.75327,1022.47925
2020-01-15,1.3541665,7.6,-1.55,0.0,9.531505,246.77686,74.035995,1024.0333
2020-01-16,1.9125,5.25,-1.25,0.0,16.766108,251.3752,84.250534,1030.3292
2020-01-17,0.33333337,6.9,-2.85,0.0,11.841756,89.4517,87.342804,1028.0541
2020-01-18,0.63958335,3.15,-2.5,0.2,13.698934,267.82135,86.31078,1024.9874
2020-01-19,1.9270834,3.5,0.6,3.6999996,12.979984,338.86435,94.05112,1030.2167
2020-01-20,2.2354171,3.95,1.05,0.0,12.72283,322.73837,86.712395,1043.9541
2020-01-21,0.9083333,4.4,-1.55,0.0,22.45315,256.75674,75.98445,1041.4791
2020-01-22,0.6125,2.6,-0.8,0.2,27.238941,264.74716,70.3658,1030.4751
2020-01-23,0.18749996,2.35,-3.35,0.0,19.134262,263.1333,88.42547,1033.6917
2020-01-24,-1.0999999,4.55,-4.5,0.0,18.64369,259.31192,75.37524,1025.9335
2020-01-25,-1.2333333,3.4,-4.85,0.0,16.516901,259.74182,76.91185,1023.32916
2020-01-26,-2.0125,3.0,-5.1,0.0,9.422101,251.29594,81.924446,1022.45844
2020-01-27,-0.7104166,5.15,-4.45,0.0,11.885453,245.75002,81.77714,1017.27496
2020-01-28,1.8520836,6.3,-3.65,0.4,19.486609,209.5723,78.36588,1004.4209
2020-01-29,2.4020832,5.15,0.25,0.6,32.789658,253.89276,70.48148,1003.9583
2020-01-30,3.2874997,5.85,1.15,1.9000001,27.153164,252.43211,74.26255,1011.7209
2020-01-31,6.689583,9.95,3.05,3.4999995,32.402,253.14915,80.336365,1005.63745
2020-02-01,9.741668,13.05,7.15,1.0,26.89419,243.02126,76.05402,1007.8875
2020-02-02,8.308333,10.8,5.65,8.299999,36.028786,260.0288,77.539024,1007.02515
2020-02-03,6.1854167,7.55,4.95,8.8,25.942488,270.5871,86.68699,1007.3958
2020-02-04,4.0708337,6.5,1.8,20.1,23.936617,300.2081,89.95644,1001.67084
2020-02-05,0.62291664,2.35,-4.45,1.8,28.503725,346.90683,73.990456,1017.6292
2020-02-06,-0.19999997,2.05,-2.85,1.5,26.400545,260.88327,82.44413,1026.2125
2020-02-07,0.7458332,3.55,-4.95,1.7000002,17.81909,321.1949,83.77755,1027.4877
2020-02-08,-1.24375,6.15,-5.3,0.0,12.641076,234.05457,71.24096,1029.8749
2020-02-09,0.9625001,9.8,-3.95,0.0,13.246826,213.37904,64.10212,1023.43756
2020-02-10,6.885416,11.9,0.5,3.6,42.67177,222.29874,61.702377,1000.3667
2020-02-11,3.9416666,6.0,2.35,6.2000003,37.254345,252.39156,66.84675,999.65826
2020-02-12,2.7958333,4.8,1.3,0.9,39.37353,258.77737,61.65337,1010.1665
2020-02-13,2.5895836,6.6,0.45,0.3,25.582806,244.03201,60.871124,1016.9334
2020-02-14,4.1562495,6.95,1.2,1.2,22.314192,269.26816,81.96466,1014.1084
2020-02-15,3.14375,7.45,0.35,0.1,12.964998,237.72435,82.092674,1027.5333
2020-02-16,5.185417,12.7,-1.3,0.0,13.779114,217.65509,62.371,1021.98346
2020-02-17,9.210416,16.2,3.75,0.0,17.651016,263.0287,58.823315,1016.4041
2020-02-18,7.216667,10.25,3.55,3.0999997,31.093666,262.2498,74.30552,1020.3792
2020-02-19,4.9666667,9.25,1.3,1.0,23.4,243.2281,65.18986,1018.53754
2020-02-20,2.7312498,4.95,0.2,1.1,20.532627,260.29517,83.91574,1021.8332
2020-02-21,2.7791665,4.85,0.15,4.0,34.38895,249.71738,75.869865,1019.88336
2020-02-22,4.7187505,8.85,0.05,0.0,29.268686,231.43362,61.36723,1024.4708
2020-02-23,8.733335,11.15,6.35,14.000001,41.47506,253.45,70.14339,1012.00415
2020-02-24,5.2583337,10.25,3.0,3.1,43.666977,285.76318,65.69641,1014.05
2020-02-25,7.985417,10.9,4.35,5.5,27.598173,239.19539,76.02204,1003.2292
2020-02-26,6.2749996,8.55,2.4,0.8,27.397867,255.41254,74.17376,995.9375
2020-02-27,2.1041663,5.8,-0.45,2.1,26.124195,262.1625,75.351524,1003.3875
2020-02-28,1.5958334,5.55,-1.05,3.6,20.68356,302.65512,77.84523,1008.5959
2020-02-29,3.9145832,8.4,-1.45,0.0,21.325253,205.9869,61.301056,1011.0625
2020-03-01,7.368751,10.9,4.35,0.5,21.194187,215.11798,62.846226,1004.4751
2020-03-02,5.6979175,9.6,1.8,4.9,32.83705,230.73438,78.29769,998.5459
2020-03-03,7.797917,13.15,2.5,0.90000004,25.922499,170.01826,76.94736,998.8833
2020-03-04,4.3833337,7.45,1.7,1.3000001,18.72,281.4877,81.652916,1010.0999
2020-03-05,2.958333,9.6,-2.1,0.0,14.404499,206.31256,69.244225,1009.59576
2020-03-06,4.0604167,9.3,-2.7,2.1999998,13.722565,135.21298,72.61855,1000.44574
2020-03-07,5.085417,8.55,1.9,0.2,24.18707,257.63446,78.272224,1009.0835
2020-03-08,4.4166665,7.0,2.1,0.8000001,19.493261,265.16855,78.709175,1019.9792
2020-03-09,3.4437501,10.75,-1.3,0.0,11.792404,227.4124,69.64692,1014.99164
2020-03-10,5.504167,11.5,-0.7,0.0,17.727943,244.12701,69.40948,1013.58746
2020-03-11,9.314584,11.45,6.6,2.6000001,30.173496,254.42168,69.38114,1009.46246
2020-03-12,12.468751,17.3,8.4,0.90000004,41.343613,252.00679,65.374054,1010.86255
2020-03-13,7.7666664,10.8,5.75,0.9,30.652895,264.839,66.53308,1013.02924
2020-03-14,3.7312498,6.25,-2.65,1.1,26.554728,294.38824,56.819798,1021.82495
2020-03-15,0.6166667,7.8,-4.95,0.0,15.226764,101.43366,54.842224,1029.3707
2020-03-16,4.9812503,13.0,-2.45,0.0,18.581022,209.3524,41.14307,1025.1874
2020-03-17,7.4624996,15.45,1.4,0.0,16.62249,261.3868,60.09222,1027.5332
2020-03-18,9.658334,17.15,4.1,0.0,13.207634,254.8515,71.96494,1028.5126
2020-03-19,10.766665,18.15,4.3,0.1,17.25373,275.28583,69.6577,1024.7916
2020-03-20,10.889584,14.15,7.95,0.3,11.525623,76.41907,79.25529,1022.22504
2020-03-21,4.429167,7.4,1.75,8.1,22.881958,33.877945,77.71078,1023.45
2020-03-22,-0.41874996,2.65,-3.9,0.3,27.475807,30.821123,56.705776,1030.3875
2020-03-23,-0.52708334,2.55,-3.1,0.1,28.357855,52.4493,50.12889,1035.529
2020-03-24,-0.7479169,3.75,-4.75,0.0,25.071096,74.42368,51.493656,1036.6166
2020-03-25,0.6583334,5.9,-4.4,0.0,28.820242,86.16335,47.34003,1033.6709
2020-03-26,4.4604163,11.8,-2.05,0.0,22.45315,80.065994,53.38774,1028.5668
2020-03-27,6.8604164,15.5,-1.15,0.0,20.418695,82.02248,60.511215,1023.175
2020-03-28,7.414583,15.25,-0.05,0.0,11.269782,68.22216,63.47086,1015.925
2020-03-29,7.118749,12.15,3.15,0.3,22.553936,283.76187,68.14671,1013.11664
2020-03-30,0.94375014,3.45,-2.8,1.5000001,19.66536,339.7062,55.942608,1022.70404
2020-03-31,-0.12500012,5.85,-4.0,2.2,13.608762,273.41312,66.28887,1025.9833
2020-04-01,0.53125006,7.15,-3.95,0.0,17.731598,263.2057,63.084644,1022.81256
2020-04-02,3.9770832,10.9,-3.45,0.0,18.998314,248.5063,43.81886,1014.0916
2020-04-03,6.1312504,11.4,1.65,0.0,25.153671,266.48788,49.00192,1012.44574
2020-04-04,6.1124997,11.55,1.05,0.0,11.808878,281.14285,59.817398,1024.8168
2020-04-05,6.1229167,13.35,-1.95,0.0,20.545246,87.70182,56.306774,1032.1166
2020-04-06,9.464584,18.45,-0.5,0.0,14.021525,109.00879,53.6888,1030.9249
2020-04-07,10.595833,19.65,1.65,0.0,14.205182,244.74683,50.77933,1032.3209
2020-04-08,11.581249,20.35,2.55,0.0,9.686609,217.83072,39.865383,1029.1166
2020-04-09,12.95625,20.6,4.35,0.0,20.316889,261.9309,45.143436,1021.1916
2020-04-10,10.789584,14.6,6.15,0.1,12.287555,306.49722,54.519505,1023.9084
2020-04-11,9.702083,15.5,2.5,0.0,11.720751,213.68997,46.869236,1024.8876
2020-04-12,11.793748,20.0,2.4,0.0,13.684735,238.10922,50.624573,1019.7998
2020-04-13,12.545831,19.9,7.4,2.8,29.88217,273.89896,59.606033,1009.92084
2020-04-14,5.6437507,8.45,2.05,1.4,22.771244,308.65018,44.90449,1017.2249
2020-04-15,6.816666,12.55,1.2,0.0,30.293522,263.91672,50.321472,1021.4458
2020-04-16,12.539581,19.9,5.45,0.0,30.993471,257.71933,48.859417,1016.69165
2020-04-17,11.235416,17.05,4.95,0.0,16.575644,303.23172,56.40883,1015.1541
2020-04-18,9.666667,15.85,3.45,0.0,15.111424,78.96132,45.667027,1017.55
2020-04-19,8.314583,13.9,3.25,0.0,18.345877,49.290733,38.460873,1018.14185
2020-04-20,7.6270833,12.8,2.0,0.0,15.716793,67.2207,50.05966,1024.0708
2020-04-21,7.8979173,13.8,1.0,0.0,23.224882,79.97371,48.669144,1024.9374
2020-04-22,9.208333,15.7,0.5,0.0,18.0036,81.93374,50.274548,1025.2041
2020-04-23,11.802082,18.7,2.8,0.0,9.885262,235.75095,50.63959,1022.0542
2020-04-24,14.127084,20.95,4.8,0.0,25.570139,256.83994,46.65129,1010.73334
2020-04-25,12.041665,14.85,8.5,1.5,33.971867,289.91,48.562603,1004.6709
2020-04-26,9.854167,13.85,4.5,0.0,15.188415,274.5187,48.62686,1011.5376
2020-04-27,12.216667,19.1,4.45,0.0,13.746156,229.35828,52.664616,1012.32916
2020-04-28,15.864586,22.05,8.05,0.0,18.581022,216.15826,48.21497,1007.6584
2020-04-29,15.908333,21.9,11.55,2.1,20.5484,254.0655,65.30527,1003.41254
2020-04-30,13.758332,18.0,10.35,0.5,15.137133,315.30627,72.56767,1008.06665
2020-05-01,12.058333,18.0,7.9,5.0,22.505037,244.53673,80.245926,1005.4292
2020-05-02,11.516666,16.4,5.9,1.7000002,17.313717,255.91194,70.60379,1006.1792
2020-05-03,9.633332,13.15,6.15,2.1,20.478907,284.10684,74.17268,1013.63324
2020-05-04,10.391666,15.95,4.95,0.1,11.631956,252.88145,69.151115,1017.4043
2020-05-05,9.458335,12.6,6.2,5.8999996,22.346113,279.74817,64.61833,1013.6792
2020-05-06,6.972916,9.5,3.9,9.200001,32.571545,283.49734,82.6576,1015.37915
2020-05-07,9.000001,12.1,4.0,0.0,25.567604,286.57468,64.83102,1019.10834
2020-05-08,11.577084,18.55,4.9,0.0,17.106628,262.19556,66.540245,1019.54175
2020-05-09,14.758334,21.55,7.3,0.0,10.00256,181.17508,60.970535,1015.22516
2020-05-10,17.75625,25.05,9.05,0.0,20.08916,177.29707,57.40602,1009.32513
2020-05-11,20.133333,27.0,15.7,1.1,29.317352,212.86404,49.911377,1000.22925
2020-05-12,6.9791665,10.0,3.85,1.9,27.595823,295.59393,57.34811,1013.27075
2020-05-13,9.064584,13.8,1.3,3.0,12.015589,197.93602,57.56693,1015.2874
2020-05-14,8.933333,11.5,5.3,12.300001,15.696165,61.634384,80.70307,1013.7542
2020-05-15,7.4854164,10.3,3.2,2.0,16.56,105.861145,82.04081,1016.94586
2020-05-16,10.374999,15.9,4.35,0.0,21.349546,263.50555,68.55038,1021.6624
2020-05-17,11.708333,17.5,4.2,0.4,21.194187,273.7722,66.693,1020.30414
2020-05-18,14.439584,20.7,6.8,0.0,23.623243,268.1666,62.110413,1021.82495
2020-05-19,17.025,23.2,10.65,1.2,22.61419,269.99997,61.607845,1018.1084
2020-05-20,14.275002,17.85,9.6,0.3,17.698677,4.398633,56.943233,1019.2998
2020-05-21,11.420834,15.55,5.95,0.0,16.93531,6.2123075,50.467854,1022.5083
2020-05-22,10.985416,16.65,3.25,0.0,11.753876,322.45804,45.406403,1024.7167
2020-05-23,12.852082,18.9,5.75,1.5,14.05845,126.59119,56.02278,1022.4375
2020-05-24,13.125,16.5,10.5,12.4,24.627789,288.5866,74.633965,1022.31244
2020-05-25,11.118751,14.15,8.95,5.999999,18.388212,276.70572,80.01476,1024.5792
2020-05-26,11.729167,15.3,8.6,10.400001,17.238699,350.39645,81.62679,1028.6918
2020-05-27,13.289582,18.2,8.9,3.1999998,16.981165,329.8974,75.83593,1029.2333
2020-05-28,13.735415,17.75,9.35,2.7999997,20.188908,313.2693,72.247185,1023.93335
2020-05-29,12.631248,15.95,10.4,3.1,23.319553,340.80722,69.78038,1022.2209
2020-05-30,10.816666,14.2,7.65,7.6000004,16.09969,294.2731,74.64958,1018.1333
2020-05-31,11.291667,13.85,8.45,29.000002,24.50381,314.21924,88.35822,1013.1582
2020-06-01,14.239585,19.3,9.7,0.1,22.691425,350.62573,67.303314,1017.42926
2020-06-02,12.568748,17.0,9.0,3.7,17.651016,330.72485,67.571915,1013.0666
2020-06-03,12.987499,17.25,9.0,0.3,15.716793,294.74158,74.80072,1006.14575
2020-06-04,14.841667,22.2,5.8,0.70000005,10.853866,133.75468,73.65054,1000.59174
2020-06-05,16.539583,21.0,13.05,10.2,17.57744,226.50505,80.836266,997.97504
2020-06-06,18.03125,24.75,12.1,0.0,16.299694,235.83688,68.71497,1006.4666
2020-06-07,19.322916,25.3,13.8,5.2,10.739832,159.95229,77.9202,1007.1667
2020-06-08,16.464584,18.75,14.85,2.1,18.374111,298.56342,82.37653,1010.14166
2020-06-09,15.570832,19.5,11.8,1.1,12.096214,26.241302,79.61788,1013.43335
2020-06-10,16.941666,20.75,13.4,1.9000001,12.371645,76.73052,82.88291,1010.78326
2020-06-11,18.368752,22.75,13.2,2.6,9.0,265.64584,82.77874,1009.575
2020-06-12,20.26875,25.45,15.65,5.6,12.682018,22.221832,84.154564,1009.35834
2020-06-13,22.6875,29.6,16.45,0.1,14.904173,60.133163,77.67458,1009.89996
2020-06-14,18.900003,21.0,16.8,1.4000001,19.164717,62.309425,85.17465,1009.93744
2020-06-15,17.268751,19.9,14.15,0.0,13.722565,82.41174,75.30603,1012.67084
2020-06-16,17.145834,19.45,15.45,4.3999996,13.513193,35.99417,82.40793,1013.3957
2020-06-17,18.64375,22.3,15.85,16.6,13.276144,13.448606,85.81791,1009.2083
2020-06-18,19.27917,22.6,15.75,6.1000004,10.739833,141.84285,86.486824,1007.14166
2020-06-19,17.837502,20.55,16.6,3.3999991,21.9718,259.18546,91.03542,1009.3918
2020-06-20,18.058332,20.75,16.0,9.800001,18.0,270.42703,87.1063,1010.6418
2020-06-21,18.76875,23.15,16.15,23.300003,19.083395,310.23068,90.251076,1011.12915
2020-06-22,18.743748,20.45,17.4,10.1,23.977188,317.03247,88.917755,1014.4541
2020-06-23,17.858335,21.6,14.45,0.2,22.79684,332.14246,69.899666,1019.60834
2020-06-24,16.593752,19.75,13.4,0.70000005,14.471821,273.97067,79.19488,1021.0417
2020-06-25,19.039585,24.45,12.9,5.7,16.65754,81.54508,82.623146,1022.4876
2020-06-26,21.170834,25.8,16.85,3.3000002,13.246826,120.50502,77.960106,1018.1167
2020-06-27,22.064585,27.9,17.05,2.7,15.256526,224.801,73.68711,1013.8667
2020-06-28,23.099998,27.15,19.15,0.5,16.808569,258.60522,75.55098,1013.4917
2020-06-29,20.15417,26.0,16.8,19.000002,23.762726,258.93597,85.748505,1010.821
2020-06-30,18.960417,23.2,15.0,0.0,22.366402,260.61362,72.909035,1011.51263
2020-07-01,22.418753,27.25,17.7,0.0,22.42427,250.57011,68.00269,1011.05817
2020-07-02,21.574999,24.55,19.15,39.500004,12.324414,226.70392,82.535225,1010.12506
2020-07-03,19.287498,22.1,16.55,9.2,22.553936,273.46582,89.61277,1013.125
2020-07-04,19.20625,23.6,15.0,0.2,11.113451,265.1193,75.72074,1017.61664
2020-07-05,21.3125,27.25,15.2,0.0,17.114204,255.31537,69.941734,1014.60425
2020-07-06,21.541666,27.8,15.65,1.0,23.740902,267.12363,70.57397,1010.2292
2020-07-07,15.791668,18.2,12.7,1.1,21.533897,296.69824,63.34679,1016.28754
2020-07-08,15.404166,19.85,9.9,6.3999996,21.175835,247.35016,72.504105,1016.9917
2020-07-09,17.066668,21.75,12.15,0.70000005,9.726665,243.85016,77.239296,1017.83325
2020-07-10,23.397917,29.3,16.35,0.0,20.188908,211.4255,65.12158,1013.2791
2020-07-11,16.366667,20.35,12.95,24.4,19.45333,333.56464,86.09135,1019.2083
2020-07-12,15.147918,18.95,11.65,1.3000001,12.682018,334.45282,73.72352,1024.1125
2020-07-13,14.935416,18.6,11.15,0.1,14.021525,273.03326,73.35835,1023.51666
2020-07-14,16.260416,21.45,9.45,0.0,10.08,114.98122,70.237305,1018.8042
2020-07-15,18.166666,23.55,11.75,0.0,10.661107,180.80692,68.03428,1013.80005
2020-07-16,16.300001,18.7,14.1,4.5,16.645864,268.74002,81.91587,1013.2542
2020-07-17,15.639584,19.0,12.65,3.2000003,13.324863,273.29724,81.54822,1016.4375
2020-07-18,18.375,23.5,14.85,7.2,20.265795,75.85829,86.32018,1016.42914
2020-07-19,19.718748,24.5,16.3,2.1999998,18.94024,82.256,83.24842,1015.93353
2020-07-20,20.229166,26.6,14.1,3.8000002,15.042659,195.06851,82.97041,1015.22504
2020-07-21,18.699999,21.5,15.65,9.800001,16.808569,275.26456,80.865715,1019.39166
2020-07-22,18.770834,23.2,14.2,0.3,13.779114,299.4273,67.29887,1019.87085
2020-07-23,17.572916,22.1,11.9,0.0,13.849477,46.227516,66.69393,1016.49585
2020-07-24,19.2,25.95,12.2,0.2,10.00256,130.2363,71.80262,1012.78766
2020-07-25,20.8125,25.8,15.6,0.0,10.587917,312.67847,69.40566,1012.32074
2020-07-26,21.47917,27.75,14.95,1.2,13.779114,117.93977,68.4502,1013.9917
2020-07-27,21.114584,25.0,17.6,2.0,11.304229,245.082,77.07763,1016.85425
2020-07-28,23.737501,29.95,16.95,0.0,17.771753,222.29565,68.822365,1013.2
2020-07-29,22.952082,26.6,18.3,0.6,20.771093,269.70236,68.413345,1015.4333
2020-07-30,21.029165,26.45,15.6,0.0,17.651016,268.68008,65.772285,1018.61255
2020-07-31,19.972916,24.65,15.3,0.0,20.858265,276.96722,58.009235,1016.75836
2020-08-01,18.597918,24.0,12.35,0.0,11.090103,335.79227,59.596638,1016.63336
2020-08-02,20.325,26.7,11.35,0.0,9.178235,155.09526,62.589046,1014.35425
2020-08-03,21.535416,27.0,17.0,1.7,19.914217,234.98174,68.618324,1009.5291
2020-08-04,19.316666,22.8,16.55,7.4999995,20.633371,303.5713,84.962776,1008.1084
2020-08-05,18.152082,21.55,15.9,2.0,15.484185,48.757786,77.83113,1018.3291
2020-08-06,20.93333,26.5,16.45,0.0,15.745627,80.88421,73.71491,1020.99994
2020-08-07,23.5,29.55,17.7,0.0,19.083395,86.95125,66.49564,1022.0125
2020-08-08,23.693748,30.0,16.1,0.0,18.079027,83.74609,65.03104,1020.8333
2020-08-09,25.039583,30.75,18.0,0.0,12.245294,88.28293,58.227615,1018.13745
2020-08-10,24.018747,29.55,18.15,0.0,14.081478,94.12472,62.216457,1017.03326
2020-08-11,23.339582,29.5,17.9,0.3,15.782622,80.70167,64.87841,1018.17096
2020-08-12,21.762499,27.3,16.4,0.0,12.287555,75.868614,54.526455,1019.5125
2020-08-13,21.795835,28.55,13.1,0.0,12.0694,104.167076,55.598362,1016.66656
2020-08-14,23.206251,28.95,16.2,0.0,19.483284,91.74322,50.982555,1013.70416
2020-08-15,21.61875,26.65,15.7,0.0,20.724247,72.1345,54.57523,1013.96246
2020-08-16,21.539583,26.55,16.7,0.1,21.599998,83.63799,57.718784,1014.7541
2020-08-17,21.781248,27.3,17.1,2.8999999,11.090103,203.53229,74.74265,1011.9292
2020-08-18,19.987501,23.3,17.5,5.2000003,20.163212,247.3015,85.774506,1008.60004
2020-08-19,18.072918,19.95,17.1,13.500001,16.954432,265.46036,92.803474,1008.5584
2020-08-20,19.9125,24.85,15.9,0.2,19.110542,260.95428,78.04941,1012.89996
2020-08-21,21.531248,27.75,14.35,0.0,7.9526596,208.8555,70.8663,1016.53326
2020-08-22,23.629166,29.8,17.3,0.4,14.689589,254.61935,71.623955,1014.88336
2020-08-23,20.185415,23.1,18.35,15.400001,13.627795,268.94107,85.640465,1014.9626
2020-08-24,18.847916,22.75,15.4,0.0,14.241629,263.7656,75.34163,1014.9666
2020-08-25,17.525,21.5,14.3,0.3,17.208603,257.75363,71.37502,1013.89996
2020-08-26,19.908333,26.8,14.15,0.0,31.487139,234.97762,63.271255,1009.47504
2020-08-27,18.525,20.5,14.8,0.1,31.983318,268.90283,58.98406,1011.7334
2020-08-28,17.54167,23.7,10.75,0.0,11.726277,237.91112,68.20304,1010.95404
2020-08-29,19.727081,23.3,15.65,2.1,13.551501,39.400673,77.102905,1007.26666
2020-08-30,22.620834,29.9,16.4,2.5,20.767975,134.62059,75.50786,1006.36664
2020-08-31,18.574999,22.45,15.25,0.1,33.190357,258.3786,69.412994,1011.925
2020-09-01,14.997916,17.15,13.75,23.600002,26.282465,57.034527,87.51684,1010.56244
2020-09-02,13.572917,16.5,10.35,3.3999994,24.50381,260.84543,83.79089,1015.62085
2020-09-03,14.233333,19.75,8.05,0.0,12.979984,251.25017,74.5772,1021.41656
2020-09-04,16.533335,22.5,10.05,0.0,20.12461,252.4743,73.55454,1023.35406
2020-09-05,20.19375,26.75,14.85,0.0,11.841756,234.24599,75.44819,1017.88763
2020-09-06,16.325,17.7,13.9,17.100002,15.124284,320.13644,87.72904,1017.4543
2020-09-07,14.235416,15.9,11.7,8.500001,9.504273,24.132374,86.73434,1022.0249
2020-09-08,14.7229185,19.8,10.35,0.0,14.77755,252.46541,75.678116,1027.0126
2020-09-09,17.595835,23.7,11.95,0.0,10.829958,251.53061,69.95089,1023.2751
2020-09-10,16.337498,19.9,12.9,1.4,19.296133,269.5942,79.68636,1018.85406
2020-09-11,14.9875,20.7,8.6,0.0,12.979984,85.77289,77.64533,1019.9292
2020-09-12,18.13125,24.4,10.65,0.0,8.669949,106.03011,76.459435,1020.6375
2020-09-13,18.937498,24.55,14.35,0.0,13.722565,254.26028,79.44239,1025.2916
2020-09-14,19.116667,25.7,12.85,0.0,7.69592,196.72653,77.084,1029.1459
2020-09-15,19.354168,26.2,12.5,0.0,14.471821,95.93733,75.30372,1025.725
2020-09-16,20.922916,28.4,13.85,0.0,11.91812,232.65056,72.64202,1019.18335
2020-09-17,17.135418,20.35,10.8,1.2,18.416384,322.09833,70.63055,1021.05426
2020-09-18,11.147916,16.0,5.65,0.0,10.883676,18.02154,70.44918,1028.3207
2020-09-19,12.581249,18.8,6.9,0.0,12.979984,86.82593,68.65194,1025.0084
2020-09-20,13.412499,19.4,8.35,0.0,15.815435,78.0775,74.93058,1020.67505
2020-09-21,15.106248,22.4,8.8,0.0,10.1887,104.7436,76.00141,1019.6584
2020-09-22,16.622917,25.05,9.25,0.0,11.269782,176.42374,71.59298,1016.29584
2020-09-23,16.918749,24.0,10.55,0.5,10.495713,151.21536,74.68472,1010.11255
2020-09-24,17.541666,22.4,13.45,0.0,14.081478,227.16785,78.47379,1008.48755
2020-09-25,17.191666,23.9,11.8,1.0,19.826164,135.54791,79.78143,1001.23334
2020-09-26,15.23125,19.85,11.0,8.400001,21.129883,281.00302,80.6851,993.6042
2020-09-27,10.529166,14.25,7.3,0.4,26.82906,259.12042,71.190056,1005.9209
2020-09-28,10.84375,15.35,4.75,4.0,21.96,87.13768,80.79064,1012.6457
2020-09-29,12.743751,15.4,11.0,3.1000001,18.844202,269.50424,84.88907,1012.2417
2020-09-30,12.497916,13.15,11.65,33.1,18.0,329.30038,93.25465,1010.2917
2020-10-01,12.258335,12.8,11.6,6.7000003,7.653705,331.4238,94.493866,1005.1126
2020-10-02,13.383332,17.6,11.15,4.7999997,14.039999,106.59819,89.19207,1005.44165
2020-10-03,18.370832,23.8,14.05,0.0,20.746122,121.364845,71.50153,1003.0166
2020-10-04,17.40833,21.65,13.3,0.9,25.96496,165.67561,65.99886,1003.675
2020-10-05,15.506248,21.7,11.25,0.1,17.283749,168.04903,71.78896,1008.3792
2020-10-06,13.827081,19.15,8.65,0.1,10.495713,229.46237,74.39713,1010.90826
2020-10-07,13.345832,16.25,10.1,1.4000001,17.283749,249.39363,74.084915,1010.771
2020-10-08,11.995835,15.35,8.7,4.8999996,14.986553,268.81036,82.60522,1019.5168
2020-10-09,12.402084,17.45,7.75,0.0,12.964998,232.64551,78.98788,1020.45
2020-10-10,13.735419,18.35,9.25,1.9000001,13.708391,255.90433,84.842125,1017.7751
